side,entry_time,exit_time,entry_price,exit_price,stop_loss,take_profit,size,atr,pnl,gross_pnl,exit_reason,bars_held,entry_date,month
long,2026-01-01 05:13:00,2026-01-01 05:20:00,2435.907911173285,2427.3000509832477,2427.3000509832477,2453.1236315533592,185.87662493076246,5.738573460024849,-1600.599999999981,-1599.9999999999811,SL,7,2026-01-01,2026-01
long,2026-01-01 06:08:00,2026-01-01 06:25:00,2437.9382419078493,2429.0851058087896,2429.0851058087896,2455.644514105968,178.91897089080982,5.902090732706319,-1584.5940000000242,-1583.9940000000242,SL,17,2026-01-01,2026-01
long,2026-01-01 06:22:00,2026-01-01 06:28:00,2436.810584001247,2428.7358344769073,2428.7358344769073,2452.960083049927,196.16633249431777,5.383166349559951,-1584.5940000000048,-1583.994000000005,SL,6,2026-01-01,2026-01
long,2026-01-02 06:04:00,2026-01-02 07:23:00,2454.329361249237,2468.934537224245,2447.026773261733,2468.934537224245,212.5687663957317,4.868391991669289,3104.004240000034,3104.6042400000338,TP,79,2026-01-02,2026-01
long,2026-01-05 05:11:00,2026-01-05 05:24:00,2459.9539806302455,2451.236706955246,2451.236706955246,2477.388527980245,181.63272388027477,5.811515783333103,-1583.94216239996,-1583.34216239996,SL,13,2026-01-05,2026-01
long,2026-01-05 07:40:00,2026-01-05 08:20:00,2471.1871746354127,2462.8932450560756,2462.8932450560756,2487.775033794087,188.9939775569322,5.529286386224694,-1568.1027407760207,-1567.5027407760208,SL,40,2026-01-05,2026-01
long,2026-01-06 04:13:00,2026-01-06 04:23:00,2485.120196431386,2471.171265857735,2471.171265857735,2513.0180575786885,111.25022847984864,9.29928704910079,-1552.4217133682275,-1551.8217133682276,SL,10,2026-01-06,2026-01
long,2026-01-06 08:11:00,2026-01-06 08:37:00,2492.390684560795,2515.7460579684357,2480.7129978569747,2515.7460579684357,131.55837583242942,7.7851244692135495,3071.9949924691437,3072.5949924691436,TP,26,2026-01-06,2026-01
long,2026-01-07 06:13:00,2026-01-07 06:30:00,2546.603681663674,2539.4834677988442,2539.4834677988442,2560.844109393333,220.08010937699223,4.746809243219657,-1567.6174461592673,-1567.0174461592674,SL,17,2026-01-07,2026-01
long,2026-01-07 06:21:00,2026-01-07 06:30:00,2547.7938468417888,2540.6319434884267,2540.6319434884267,2562.117653548513,218.7990215511152,4.774602235574646,-1567.6174461592673,-1567.0174461592674,SL,9,2026-01-07,2026-01
long,2026-01-08 05:23:00,2026-01-08 05:59:00,2626.9296938885595,2647.6117242754294,2616.5886786951246,2647.6117242754294,148.5023538318539,6.894010128956679,3070.7301944721057,3071.3301944721056,TP,36,2026-01-08,2026-01
long,2026-01-09 04:58:00,2026-01-09 06:28:00,2682.148016156434,2698.3963043854837,2670.05576328516,2706.3325218989817,129.5352004176024,8.06150191418256,2104.1252721929163,2104.7252721929162,Timeout,90,2026-01-09,2026-01
long,2026-01-12 06:31:00,2026-01-12 06:34:00,2730.622641699975,2722.629719850071,2722.629719850071,2746.6084853997822,198.6024237084014,5.328614566602466,-1588.0136519027187,-1587.4136519027188,SL,3,2026-01-12,2026-01
long,2026-01-12 07:37:00,2026-01-12 07:47:00,2731.8752313595264,2721.8928991163707,2721.8928991163707,2751.839895845838,157.4314976804324,6.6548881621038625,-1572.1335153836758,-1571.5335153836759,SL,10,2026-01-12,2026-01
long,2026-01-13 06:05:00,2026-01-13 06:32:00,2759.4713928436763,2777.282396445281,2750.5658910428742,2777.282396445281,174.70235984789628,5.93700120053486,3111.024360459708,3111.624360459708,TP,27,2026-01-13,2026-01
long,2026-01-14 03:08:00,2026-01-14 03:20:00,2789.5356653328063,2808.90700906585,2779.849993466284,2808.90700906585,163.8422657409602,6.457114577681365,3173.24484766886,3173.84484766886,TP,12,2026-01-14,2026-01
long,2026-01-15 04:49:00,2026-01-15 06:07:00,2902.278344247484,2931.6852745236456,2887.574879109403,2931.6852745236456,110.08662632313418,9.802310092053892,3236.7097446222856,3237.3097446222855,TP,78,2026-01-15,2026-01
long,2026-01-15 05:49:00,2026-01-15 06:30:00,2921.46947426822,2941.6232238753287,2911.3925994646656,2941.6232238753287,160.63064232376854,6.717916535702906,3236.7097446222674,3237.3097446222673,TP,41,2026-01-15,2026-01
short,2026-01-19 06:36:00,2026-01-19 06:48:00,2915.3988163395084,2890.554877872663,2927.820785572931,2890.554877872663,135.51708554181874,8.281312822281784,3366.1781344071733,3366.778134407173,TP,12,2026-01-19,2026-01
short,2026-01-20 07:56:00,2026-01-20 08:08:00,2850.01418226901,2860.134342863732,2860.134342863732,2829.7738610795654,169.66636373765874,6.746773729814781,-1717.6508485476515,-1717.0508485476516,SL,12,2026-01-20,2026-01
short,2026-01-20 08:09:00,2026-01-20 08:28:00,2850.041045304363,2860.7823415032253,2860.7823415032253,2828.558452906638,158.25597847699373,7.160864132574908,-1700.4743400622028,-1699.874340062203,SL,19,2026-01-20,2026-01
short,2026-01-20 09:12:00,2026-01-20 09:27:00,2848.040641139117,2862.094320494874,2862.094320494874,2819.9332824276025,119.74583694854076,9.369119570504685,-1683.4695966615677,-1682.8695966615678,SL,15,2026-01-20,2026-01
short,2026-01-21 04:22:00,2026-01-21 05:19:00,2850.260227408509,2867.0792603727436,2867.0792603727436,2816.6221614800397,99.0565215156981,11.212688642823055,-1666.6349006949592,-1666.0349006949593,SL,57,2026-01-21,2026-01
short,2026-01-21 06:03:00,2026-01-21 06:35:00,2849.2291595933457,2824.333699861126,2861.676889459455,2824.333699861126,132.50356245106016,8.298486577406445,3298.1371033759974,3298.7371033759973,TP,32,2026-01-21,2026-01
short,2026-01-22 05:50:00,2026-01-22 06:04:00,2835.125849188953,2846.526947852542,2846.526947852542,2812.3236518617755,147.5603336452645,7.600732442392562,-1682.9499227217693,-1682.3499227217694,SL,14,2026-01-22,2026-01
short,2026-01-22 07:33:00,2026-01-22 08:22:00,2818.557934068475,2793.0731128250977,2831.3003446901635,2793.0731128250977,130.7068554720481,8.49494041445901,3330.4408469890786,3331.0408469890785,TP,49,2026-01-22,2026-01
short,2026-01-23 03:38:00,2026-01-23 03:42:00,2766.6309336838276,2780.28100339217,2780.28100339217,2739.330794267142,124.45539607216283,9.100046472228463,-1699.4248319643943,-1698.8248319643944,SL,4,2026-01-23,2026-01
short,2026-01-23 08:01:00,2026-01-23 08:55:00,2769.1394719870327,2745.9465895716576,2780.73591319472,2745.9465895716576,145.02988921548285,7.730960805125,3363.061167289579,3363.6611672895788,TP,54,2026-01-23,2026-01
short,2026-01-26 05:04:00,2026-01-26 05:31:00,2744.983662969885,2756.8230297232813,2756.8230297232813,2721.304929463092,144.89467477857673,7.892911168930974,-1716.061195317674,-1715.461195317674,SL,27,2026-01-26,2026-01
short,2026-01-26 05:53:00,2026-01-26 06:32:00,2745.0434824595686,2759.0686399192377,2759.0686399192377,2716.9931675402304,121.08959120410219,9.350104973112742,-1698.9005833644976,-1698.3005833644977,SL,39,2026-01-26,2026-01
short,2026-01-26 08:24:00,2026-01-26 08:43:00,2705.3281868475738,2682.746340415729,2716.619110063496,2682.746340415729,148.9082465072355,7.527282143948317,3362.0231550617045,3362.6231550617044,TP,19,2026-01-26,2026-01
short,2026-01-27 03:26:00,2026-01-27 03:58:00,2695.5918938171717,2711.156152045148,2711.156152045148,2664.463377361219,110.18397304658738,10.376172151984216,-1715.5318090814442,-1714.9318090814443,SL,32,2026-01-27,2026-01
short,2026-01-27 03:59:00,2026-01-27 04:12:00,2687.511626138538,2707.352687535294,2707.352687535294,2647.829503345026,85.56883409817166,13.22737426450402,-1698.376490990672,-1697.776490990672,SL,13,2026-01-27,2026-01
short,2026-01-27 05:11:00,2026-01-27 06:41:00,2676.0408807595077,2663.2853721742486,2689.076392156711,2649.9698579651013,128.93953101382527,8.690340931468766,1644.0892948261333,1644.6892948261332,Timeout,90,2026-01-27,2026-01
short,2026-01-27 07:51:00,2026-01-27 08:31:00,2660.960067390312,2630.384972969742,2676.2476146005965,2630.384972969742,111.02066248319943,10.19169814018989,3393.867238058024,3394.467238058024,TP,40,2026-01-27,2026-01
short,2026-01-28 04:30:00,2026-01-28 04:43:00,2612.849068157634,2588.675996863439,2624.9356038047313,2588.675996863439,143.23147194169977,8.057690431398287,3461.744582819181,3462.3445828191807,TP,13,2026-01-28,2026-01
short,2026-02-02 06:47:00,2026-02-02 07:22:00,2478.8132725559117,2490.7259591758284,2490.7259591758284,2454.9878993160787,148.2276663171512,7.941791079944364,-1766.3897372378062,-1765.7897372378063,SL,35,2026-02-02,2026-02
short,2026-02-02 07:40:00,2026-02-02 08:03:00,2479.1410319724628,2454.4923059026337,2491.4653950073775,2454.4923059026337,141.84309849628852,8.216242023276374,3495.651679730801,3496.251679730801,TP,23,2026-02-02,2026-02
long,2026-02-04 03:48:00,2026-02-04 05:01:00,2508.8939719509517,2498.9825423971542,2498.9825423971542,2528.7168310585466,179.9016324521559,6.607619702531659,-1783.6823566627063,-1783.0823566627064,SL,73,2026-02-04,2026-02
long,2026-02-04 06:17:00,2026-02-04 06:34:00,2525.429722109778,2519.533850289583,2519.533850289583,2537.2214657501686,299.4036483373931,3.9305812134635003,-1765.845533096077,-1765.245533096077,SL,17,2026-02-04,2026-02
long,2026-02-04 08:54:00,2026-02-05 03:54:00,2532.4647969823764,2543.831178950753,2521.7005882901676,2553.993214366794,162.35165331103636,7.1761391281391855,1844.7509047306885,1845.3509047306884,Timeout,90,2026-02-04,2026-02
long,2026-02-06 06:09:00,2026-02-06 07:05:00,2591.656863986173,2608.163257251002,2583.4036673537585,2608.163257251002,213.98188671239205,5.502131088276382,3531.469173624843,3532.0691736248427,TP,56,2026-02-06,2026-02
long,2026-02-09 05:12:00,2026-02-09 05:24:00,2607.028476617063,2599.2282996716276,2599.2282996716276,2622.6288305079343,230.93697632113185,5.200117963623674,-1801.9492785486525,-1801.3492785486526,SL,12,2026-02-09,2026-02
long,2026-02-09 09:00:00,2026-02-10 03:26:00,2612.5727602340157,2600.5034105111486,2600.5034105111486,2636.71145967975,147.75690710033854,8.046233148578166,-1783.9297857631814,-1783.3297857631815,SL,56,2026-02-09,2026-02
long,2026-02-10 09:28:00,2026-02-11 03:15:00,2654.3414394938136,2645.4034121077075,2645.4034121077075,2672.2174942660263,197.52574160266389,5.958684924070848,-1766.0904879055295,-1765.4904879055296,SL,17,2026-02-10,2026-02
long,2026-02-11 05:25:00,2026-02-11 05:59:00,2675.3333995872986,2694.1069120636325,2665.9466433491316,2694.1069120636325,186.2016588776184,6.257837492111253,3495.0591660530495,3495.6591660530494,TP,34,2026-02-11,2026-02
long,2026-02-12 06:42:00,2026-02-12 07:13:00,2747.8246900831305,2763.548717994469,2739.9626761274612,2763.548717994469,226.75871408260662,5.241342637112744,3564.9603493741224,3565.5603493741223,TP,31,2026-02-12,2026-02
long,2026-02-13 04:56:00,2026-02-13 06:26:00,2804.7793081827676,2812.591148306276,2792.0196866035917,2830.2985513411195,142.5143972254249,8.506414386117266,1112.6996864231767,1113.2996864231766,Timeout,90,2026-02-13,2026-02
long,2026-02-13 07:32:00,2026-02-13 08:31:00,2820.8463942669155,2812.948443941574,2812.948443941574,2836.6422949175976,231.64956725224675,5.265300216894072,-1830.156775045053,-1829.5567750450532,SL,59,2026-02-13,2026-02
long,2026-02-13 08:11:00,2026-02-13 08:24:00,2824.0207805810514,2815.3272699446475,2815.3272699446475,2841.4078018538594,210.45085829696364,5.795673757602682,-1830.1567750449983,-1829.5567750449984,SL,13,2026-02-13,2026-02
long,2026-02-16 06:09:00,2026-02-16 06:36:00,2838.4583808871225,2858.3306499065275,2828.52224637742,2858.3306499065275,180.44780269362363,6.6240896731350265,3585.307279088192,3585.907279088192,TP,27,2026-02-16,2026-02
long,2026-02-17 06:59:00,2026-02-17 07:30:00,2839.5146075397656,2830.186840119096,2830.186840119096,2858.1701423811046,196.06049656453732,6.218511613779717,-1829.4067123350178,-1828.806712335018,SL,31,2026-02-17,2026-02
long,2026-02-18 08:09:00,2026-02-18 08:54:00,2865.1138618005166,2854.7062899683874,2854.7062899683874,2885.929005464775,173.96110009276384,6.938381221419402,-1811.1126452116534,-1810.5126452116535,SL,45,2026-02-18,2026-02
long,2026-02-18 08:30:00,2026-02-18 08:54:00,2864.4759720045886,2855.349183802035,2855.349183802035,2882.729548409696,198.37346994697043,6.084525468369098,-1811.1126452116305,-1810.5126452116306,SL,24,2026-02-18,2026-02
long,2026-02-18 09:21:00,2026-02-19 03:10:00,2864.646016720568,2886.2464471902886,2853.8458014857074,2886.2464471902886,164.28287341723134,7.200143489906864,3547.9807846148456,3548.5807846148455,TP,19,2026-02-18,2026-02
long,2026-02-20 07:47:00,2026-02-20 08:05:00,2932.8667386672164,2956.396300317363,2921.1019578421433,2956.396300317363,153.82948709903215,7.843187216715541,3618.9404003071177,3619.5404003071176,TP,18,2026-02-20,2026-02
short,2026-02-23 05:16:00,2026-02-23 05:21:00,2849.4261302264263,2864.7958792480954,2864.7958792480954,2818.686632183088,120.10343184876277,10.246499347779423,-1846.5596041566255,-1845.9596041566256,SL,5,2026-02-23,2026-02
short,2026-02-23 08:55:00,2026-02-23 09:14:00,2821.1024417697026,2834.9665910019926,2834.9665910019926,2793.3741433051227,131.81436361481056,9.24276615485995,-1828.0940081150636,-1827.4940081150637,SL,19,2026-02-23,2026-02
short,2026-02-24 04:09:00,2026-02-24 04:31:00,2814.6320776100793,2831.091234896301,2831.091234896301,2781.7137630376355,109.92136696745881,10.972771524147868,-1809.8130680339157,-1809.2130680339158,SL,22,2026-02-24,2026-02
short,2026-02-24 04:33:00,2026-02-24 04:53:00,2811.0709093334303,2830.7780625791497,2830.7780625791497,2771.656602841991,90.88653825445854,13.138102163813066,-1791.7149373535515,-1791.1149373535516,SL,20,2026-02-24,2026-02
short,2026-02-24 05:42:00,2026-02-24 07:05:00,2811.700429827883,2781.9358311377086,2826.58272917297,2781.9358311377086,119.1481065434556,9.921532896724722,3545.7955759600927,3546.3955759600926,TP,83,2026-02-24,2026-02
short,2026-02-25 04:32:00,2026-02-25 05:23:00,2719.6087963302825,2733.530005102219,2733.530005102219,2691.76637878641,129.9208835504057,9.280805847957604,-1809.2557437396565,-1808.6557437396566,SL,51,2026-02-25,2026-02
short,2026-02-26 05:36:00,2026-02-26 07:06:00,2622.9704151673773,2628.577451960863,2638.0582733453084,2592.794698811515,118.67576995926972,10.058572118620745,-666.0194086568825,-665.4194086568825,Timeout,90,2026-02-26,2026-02
short,2026-02-26 06:05:00,2026-02-26 07:18:00,2625.182498319684,2638.2998749932,2638.2998749932,2598.947744972652,136.5031462363489,8.744917782344066,-1791.163186302225,-1790.5631863022252,SL,73,2026-02-26,2026-02
short,2026-02-26 06:34:00,2026-02-26 06:47:00,2624.925248636758,2634.056104589506,2634.056104589506,2606.6635367312624,196.10025561331526,6.087237301831985,-1791.1631863022203,-1790.5631863022204,SL,13,2026-02-26,2026-02
short,2026-02-27 04:35:00,2026-02-27 04:56:00,2566.7675833986154,2579.639695510281,2579.639695510281,2541.023359175285,135.80364382512155,8.581408074443527,-1748.679728489655,-1748.079728489655,SL,21,2026-02-27,2026-02
short,2026-02-27 05:12:00,2026-02-27 05:42:00,2567.059797656897,2541.0524754668686,2580.063458751911,2541.0524754668686,133.08505339840542,8.669107396676122,3460.5858624094626,3461.1858624094625,TP,30,2026-02-27,2026-02
short,2026-03-02 03:00:00,2026-03-02 03:14:00,2525.720772107954,2540.3633419428293,2540.3633419428293,2496.435632438203,120.5525266216927,9.76171322325034,-1765.7987898287995,-1765.1987898287996,SL,14,2026-03-02,2026-03
long,2026-03-02 05:05:00,2026-03-02 05:11:00,2558.7131100424294,2547.358996241521,2547.358996241521,2581.4213376442463,153.91256707244858,7.569409200605635,-1748.1408019305643,-1747.5408019305644,SL,6,2026-03-02,2026-03
short,2026-03-02 06:58:00,2026-03-02 07:15:00,2536.8375421819433,2550.6410362511087,2550.6410362511087,2509.2305540436123,125.33488877833352,9.202329379443592,-1730.659393911242,-1730.059393911242,SL,17,2026-03-02,2026-03
short,2026-03-03 03:25:00,2026-03-03 04:39:00,2520.4177032234074,2487.038054124439,2537.107527772892,2487.038054124439,102.62257670198444,11.126549699656216,3424.9055999442166,3425.5055999442166,TP,74,2026-03-03,2026-03
short,2026-03-03 03:34:00,2026-03-03 04:39:00,2518.680614284864,2487.1077891617488,2534.467026846422,2487.1077891617488,108.49537811668031,10.524275041038488,3424.905599944219,3425.505599944219,TP,65,2026-03-03,2026-03
short,2026-03-04 08:33:00,2026-03-05 03:11:00,2445.1599595893586,2461.237611545663,2461.237611545663,2413.0046556767493,110.79048836310392,10.718434637536413,-1781.8509119710036,-1781.2509119710037,SL,68,2026-03-04,2026-03
short,2026-03-05 03:57:00,2026-03-05 05:01:00,2423.8621642963158,2436.3267891507794,2436.3267891507794,2398.932914587388,141.47496803482017,8.30974990297587,-1764.0324028512678,-1763.4324028512679,SL,64,2026-03-05,2026-03
short,2026-03-05 04:10:00,2026-03-05 05:33:00,2425.772581868358,2401.489085240361,2437.9143301823565,2401.489085240361,145.23710731330158,8.09449887599897,3526.264805702599,3526.864805702599,TP,83,2026-03-05,2026-03
long,2026-03-06 04:47:00,2026-03-06 04:58:00,2428.493128006682,2417.332488519683,2417.332488519683,2450.8144069806804,159.58357305193255,7.440426324666072,-1781.6547268798063,-1781.0547268798064,SL,11,2026-03-06,2026-03
short,2026-03-09 06:47:00,2026-03-09 07:57:00,2438.9712558822,2449.6600808091684,2449.6600808091684,2417.5936060282625,164.96089997341468,7.125883284645727,-1763.838179611019,-1763.2381796110192,SL,70,2026-03-09,2026-03
long,2026-03-10 07:18:00,2026-03-10 07:35:00,2473.399632956762,2463.7201387717487,2463.7201387717487,2492.7586213267887,180.33998104132397,6.452996123342174,-1746.1997978149368,-1745.599797814937,SL,17,2026-03-10,2026-03
long,2026-03-10 07:54:00,2026-03-10 08:06:00,2473.0210528526586,2496.2510278592454,2461.4060653493652,2496.2510278592454,148.78516221793132,7.743325002195574,3455.6755996735005,3456.2755996735004,TP,12,2026-03-10,2026-03
long,2026-03-11 03:21:00,2026-03-11 03:43:00,2504.917487380615,2493.336933563233,2493.336933563233,2528.078595015379,152.21159399024052,7.720369211588016,-1763.294555833513,-1762.694555833513,SL,22,2026-03-11,2026-03
long,2026-03-11 04:46:00,2026-03-11 04:47:00,2505.5642374367603,2496.82097474285,2496.82097474285,2523.050762824581,199.58929193452744,5.828841795940273,-1745.6616102751277,-1745.0616102751278,SL,1,2026-03-11,2026-03
long,2026-03-12 05:24:00,2026-03-12 05:53:00,2517.142789299268,2537.9496761827486,2506.7393458575275,2537.9496761827486,166.060882038438,6.935628961160196,3454.609988344816,3455.209988344816,TP,29,2026-03-12,2026-03
long,2026-03-13 06:24:00,2026-03-13 06:37:00,2617.0716379176633,2634.778196890439,2608.218358431275,2634.778196890439,199.03936126326673,5.90218632425865,3523.702188111667,3524.302188111667,TP,13,2026-03-13,2026-03
long,2026-03-16 04:11:00,2026-03-16 04:35:00,2692.0664029173277,2718.0003320920023,2679.0994383299903,2718.0003320920023,138.61286531870064,8.64464305822494,3594.176231873896,3594.776231873896,TP,24,2026-03-16,2026-03
long,2026-03-17 03:55:00,2026-03-17 04:08:00,2748.672128121983,2737.774089411764,2737.774089411764,2770.468205542421,168.22567133447762,7.265359140145938,-1833.9298782556773,-1833.3298782556774,SL,13,2026-03-17,2026-03
long,2026-03-17 04:09:00,2026-03-17 04:57:00,2749.8184425316404,2737.819125616318,2737.819125616318,2773.817076362285,151.25782511465422,7.9995446102149135,-1815.590579473117,-1814.9905794731171,SL,48,2026-03-17,2026-03
long,2026-03-17 06:20:00,2026-03-17 07:03:00,2779.9161571025506,2798.9052601857716,2770.4216055609404,2798.9052601857716,189.24903043642257,6.329701027740275,3593.0693473568426,3593.6693473568425,TP,43,2026-03-17,2026-03
long,2026-03-17 07:46:00,2026-03-17 08:25:00,2788.870882637457,2775.8553737810466,2775.8553737810466,2814.901900350277,140.81396181827603,8.677005904273472,-1833.3653671519762,-1832.7653671519763,SL,39,2026-03-17,2026-03
long,2026-03-17 09:17:00,2026-03-17 09:27:00,2792.9569529441073,2775.1023998557025,2775.1023998557025,2828.666059120917,101.62291402627164,11.903035392269846,-1815.0317134804666,-1814.4317134804667,SL,10,2026-03-17,2026-03
long,2026-03-18 07:45:00,2026-03-18 08:21:00,2825.0857046820433,2813.8203203794114,2813.8203203794114,2847.6164732873067,159.45140867728904,7.510256201754518,-1796.881396345676,-1796.281396345676,SL,36,2026-03-18,2026-03
long,2026-03-19 07:48:00,2026-03-19 08:27:00,2837.1205470344903,2867.5368421642293,2821.9123994696206,2867.5368421642293,116.93157071213983,10.138765043246357,3556.025164764385,3556.625164764385,TP,39,2026-03-19,2026-03
long,2026-03-23 05:03:00,2026-03-23 06:07:00,2867.678459476552,2855.4332037559893,2855.4332037559893,2892.1689709176762,148.1286202119882,8.163503813708175,-1814.4728340298716,-1813.8728340298717,SL,64,2026-03-23,2026-03
long,2026-03-23 06:16:00,2026-03-23 07:13:00,2867.9783021835788,2893.5041836525643,2855.215361449086,2893.5041836525643,140.6986166469033,8.508627156328512,3590.8562113790863,3591.456211379086,TP,57,2026-03-23,2026-03
long,2026-03-23 06:37:00,2026-03-23 07:19:00,2871.6025629409387,2899.684318893007,2857.5616849649045,2899.684318893007,127.8928645882841,9.360585317356039,3590.856211379113,3591.456211379113,TP,42,2026-03-23,2026-03
short,2026-03-30 08:10:00,2026-03-30 08:16:00,2966.3985469706413,2981.4940328587604,2981.4940328587604,2936.207575194403,123.71547651784944,10.063657258746067,-1868.1452299171294,-1867.5452299171295,SL,6,2026-03-30,2026-03
long,2026-04-01 08:01:00,2026-04-01 09:19:00,2901.686400653714,2885.73092977847,2885.73092977847,2933.5973424042013,115.87647848655021,10.636980583495799,-1849.4637776179802,-1848.8637776179803,SL,78,2026-04-01,2026-04
long,2026-04-02 03:23:00,2026-04-02 03:29:00,2908.4269143282872,2895.9404535975814,2895.9404535975814,2933.399835789699,146.58830707252935,8.324307153803838,-1830.9691398417892,-1830.3691398417893,SL,6,2026-04-02,2026-04
short,2026-04-02 04:34:00,2026-04-02 04:41:00,2885.675993193814,2899.0734412760244,2899.0734412760244,2858.8810970293935,135.25407505400162,8.931632054806842,-1812.6594484433624,-1812.0594484433625,SL,7,2026-04-02,2026-04
short,2026-04-02 05:22:00,2026-04-02 05:28:00,2865.8837233893014,2876.526446771426,2876.526446771426,2844.598276625052,168.5595678425694,7.09514892141637,-1794.5328539589289,-1793.932853958929,SL,6,2026-04-02,2026-04
short,2026-04-03 05:47:00,2026-04-03 05:55:00,2746.3294239999195,2756.1990451570628,2756.1990451570628,2726.5901816856335,179.94485270936474,6.579747438095359,-1776.5875254193681,-1775.9875254193682,SL,8,2026-04-03,2026-04
short,2026-04-03 06:08:00,2026-04-03 06:33:00,2747.3439019368684,2732.306321522189,2754.8626921442083,2732.306321522189,233.84369049808095,5.012526804893116,3515.843300330263,3516.443300330263,TP,25,2026-04-03,2026-04
long,2026-04-06 04:55:00,2026-04-06 05:28:00,2745.1818699007194,2732.740510027384,2732.740510027384,2770.06458964739,144.1466287790655,8.29423991555695,-1793.9800831684374,-1793.3800831684375,SL,33,2026-04-06,2026-04
short,2026-04-06 07:35:00,2026-04-06 08:19:00,2718.07113131939,2694.696680102317,2729.758356927927,2694.696680102317,151.9128954813643,7.791483739024461,3550.280564673509,3550.880564673509,TP,44,2026-04-06,2026-04
short,2026-04-07 06:04:00,2026-04-07 06:28:00,2685.7356995601313,2664.1327537819943,2696.5371724491997,2664.1327537819943,167.65705071724545,7.200981926045605,3621.2861759670063,3621.8861759670062,TP,24,2026-04-07,2026-04
short,2026-04-14 05:04:00,2026-04-14 05:06:00,2361.935926883205,2371.135615709305,2371.135615709305,2343.5365492310043,200.7846118123733,6.133125884066823,-1847.7559497431369,-1847.155949743137,SL,2,2026-04-14,2026-04
short,2026-04-15 05:04:00,2026-04-15 05:52:00,2354.3748510548917,2332.9320197510315,2365.096266706822,2332.9320197510315,170.5631466602561,7.14761043462012,3656.756780491439,3657.3567804914387,TP,48,2026-04-15,2026-04
short,2026-04-15 05:19:00,2026-04-15 05:52:00,2354.4182137642624,2333.8084572642374,2364.7230920142747,2333.8084572642374,177.4575444638096,6.869918833341648,3656.756780491478,3657.356780491478,TP,33,2026-04-15,2026-04
long,2026-04-20 09:08:00,2026-04-21 03:23:00,2455.398783080036,2445.451636849337,2445.451636849337,2475.293075541435,191.19187370404757,6.631430820466229,-1902.4135258555375,-1901.8135258555376,SL,45,2026-04-20,2026-04
long,2026-04-21 04:49:00,2026-04-21 05:13:00,2473.6224970383164,2500.0892122999553,2460.3891394074967,2500.0892122999553,142.27601513709004,8.822238420546356,3764.9787811939896,3765.5787811939895,TP,24,2026-04-21,2026-04
long,2026-04-22 05:12:00,2026-04-22 06:07:00,2513.912709624527,2530.5926148949334,2505.572756989324,2530.5926148949334,230.26979437541712,5.559968423468763,3840.2783568179134,3840.8783568179133,TP,55,2026-04-22,2026-04
long,2026-04-27 07:07:00,2026-04-27 08:20:00,2629.4784885845233,2654.2513324068836,2617.092066673343,2654.2513324068836,158.14429510180383,8.257614607453442,3917.0839239542456,3917.6839239542455,TP,73,2026-04-27,2026-04
long,2026-04-28 05:01:00,2026-04-28 06:31:00,2663.0122968489454,2677.448477780275,2651.9652645729843,2685.1063614008676,180.8642132389205,7.364688183974073,2610.3885063196253,2610.9885063196252,Timeout,90,2026-04-28,2026-04
long,2026-04-28 06:03:00,2026-04-28 06:51:00,2674.383937515872,2665.176692698898,2665.176692698898,2692.79842714982,217.00441781815596,6.138163211315971,-1998.612801216633,-1998.012801216633,SL,48,2026-04-28,2026-04
long,2026-05-04 09:24:00,2026-05-05 03:16:00,2815.234658307768,2848.6799650434855,2798.512004939909,2848.6799650434855,119.84524908706501,11.148435578572608,4007.661116535372,4008.261116535372,TP,22,2026-05-04,2026-05
short,2026-05-06 04:57:00,2026-05-06 05:17:00,2854.78594087651,2865.4207114255582,2865.4207114255582,2833.516399778413,192.21920773983845,7.089847032698938,-2044.8071694330552,-2044.2071694330552,SL,20,2026-05-06,2026-05
long,2026-05-06 07:57:00,2026-05-06 09:01:00,2873.326412367474,2862.3212715113027,2862.3212715113027,2895.3366940798164,183.89215769136598,7.336760570780772,-2024.3590977387355,-2023.7590977387356,SL,64,2026-05-06,2026-05
long,2026-05-07 07:12:00,2026-05-07 07:17:00,2960.633233017278,2952.856809294724,2952.856809294724,2976.186080462386,257.6397040905214,5.184282481702693,-2004.1155067613818,-2003.5155067613819,SL,5,2026-05-07,2026-05
long,2026-05-07 07:35:00,2026-05-07 07:40:00,2961.103455528755,2951.1217113723596,2951.1217113723596,2981.0669438415466,198.71019739800096,6.6544961042637585,-1984.0743516936936,-1983.4743516936937,SL,5,2026-05-07,2026-05
long,2026-05-07 08:28:00,2026-05-07 08:31:00,2960.6986167252094,2946.702481595018,2946.702481595018,2988.690886985592,140.29827448157437,9.330756753460857,-1964.2336081767853,-1963.6336081767854,SL,3,2026-05-07,2026-05
long,2026-05-08 04:32:00,2026-05-08 04:54:00,2963.0027699301663,2983.3041279841123,2952.852090903193,2983.3041279841123,191.51342160749135,6.767119351315384,3887.3825441899876,3887.9825441899875,TP,22,2026-05-08,2026-05
long,2026-05-11 05:30:00,2026-05-11 07:00:00,3027.4294633781083,3032.4854326888985,3016.2586284019053,3049.7711333305137,177.5037498773379,7.447223317468515,896.8535119300108,897.4535119300108,Timeout,90,2026-05-11,2026-05
long,2026-05-11 06:02:00,2026-05-11 06:24:00,3032.197925760236,3021.3523862864886,3021.3523862864886,3053.8890047077307,182.82770555919646,7.230359649164869,-1983.4650975369543,-1982.8650975369544,SL,22,2026-05-11,2026-05
long,2026-05-11 06:42:00,2026-05-11 07:28:00,3029.8905610715174,3050.216768491614,3019.727457361469,3050.216768491614,193.15265322154292,6.775402473365567,3925.4608931230673,3926.060893123067,TP,46,2026-05-11,2026-05
long,2026-05-11 07:10:00,2026-05-11 07:30:00,3032.0214270071688,3052.730673500126,3021.66680376069,3052.730673500126,190.44623205885043,6.903082164319119,3943.3979633616977,3943.9979633616977,TP,20,2026-05-11,2026-05
