date,start_balance,lowest_equity,daily_pnl,daily_drawdown,daily_limit,remaining_daily_buffer,trades,status,month,end_balance,peak_balance,equity_mark,underwater_eur,underwater_pct,buffer_to_min_equity,daily_limit_utilization,max_loss_utilization,weekday,iso_week,negative_day,negative_streak,drawdown_cluster_active,daily_profit_lock_hit,weekly_cum_pnl,weekly_profit_lock_hit,monthly_cum_pnl,monthly_profit_lock_hit,dominant_regime,high_risk_share,chop_share,no_trade_share,expansion_share,trend_share,avg_adx,avg_spread_pct,avg_vol_cluster,stress_score,fail_probability,trailing_equity_floor,trailing_buffer,risk_mode,exposure_cluster_warning,ftmo_buffer_zone,start_balance_v3,lowest_equity_v3,daily_pnl_v3,daily_drawdown_v3,end_balance_v3,underwater_eur_v3,trades_v3,blocked_trades_v3,peak_balance_v3,underwater_pct_v3,remaining_daily_buffer_v3,buffer_to_min_equity_v3,fail_probability_v3
2026-01-01,160000.0,155230.212,-4769.7880000000005,4769.7880000000005,8000.0,3230.2119999999995,3,PASS,2026-01,155230.212,155230.212,155230.212,0.0,0.0,11230.212,0.5962235,0.0,Thu,2026-W01,True,1,False,False,-4769.7880000000005,False,-4769.7880000000005,False,RANGE,0.035897435897435895,0.29743589743589743,0.0,0.08717948717948718,0.08717948717948718,28.388375898930654,0.5020424451938099,0.9772728274217376,22.891833205128204,0.38867013907692305,145630.212,9600.0,SURVIVAL,True,WARNING,160000.0,160000.0,0.0,0.0,160000.0,0.0,0.0,3.0,160000.0,0.0,8000.0,16000.0,0.32142857142857145
2026-01-02,155230.212,154491.08853641065,3104.0042400000384,739.1234635893488,8000.0,7260.876536410651,1,PASS,2026-01,158334.21624000004,158334.21624000004,154491.08853641065,-3843.1277035893872,-2.4272250148155257,10491.08853641065,0.09239043294866861,0.2401954814743367,Fri,2026-W01,False,0,False,True,-1665.783759999962,False,-1665.783759999962,False,RANGE,0.05128205128205128,0.2230769230769231,0.0,0.16666666666666666,0.11538461538461539,26.633582406818334,0.5106260029833231,0.9351478843378972,11.622753871472323,0.3112283851925475,148734.21624000004,5756.872296410613,SURVIVAL,False,WARNING,160000.0,160000.0,0.0,0.0,160000.0,0.0,0.0,1.0,160000.0,0.0,8000.0,16000.0,0.32142857142857145
2026-01-05,158334.21624000004,155182.17133682405,-3152.0449031759927,3152.0449031759927,8000.0,4847.955096824007,2,PASS,2026-01,155182.17133682405,158334.21624000004,155182.17133682405,-3152.0449031759927,-1.9907541010580947,11182.171336824045,0.3940056128969991,0.19700280644849955,Mon,2026-W02,True,1,False,False,-3152.0449031759927,False,-4817.828663175955,False,RANGE,0.015384615384615385,0.30512820512820515,0.0,0.11025641025641025,0.05641025641025641,24.64665665578736,0.5113183884399766,0.9596548288023827,21.581135984019898,0.37947332240082304,148734.21624000004,6447.955096824007,SURVIVAL,False,WARNING,160000.0,160000.0,0.0,0.0,160000.0,0.0,0.0,2.0,160000.0,0.0,8000.0,16000.0,0.32142857142857145
2026-01-06,155182.17133682405,153607.58664842442,1519.5732791009068,1574.5846883996273,8000.0,6425.415311600373,2,PASS,2026-01,156701.74461592495,158334.21624000004,153607.58664842442,-4726.62959157562,-2.985223095689616,9607.586648424418,0.1968230860499534,0.2954143494734762,Tue,2026-W02,False,0,False,True,-1632.4716240750859,False,-3298.255384075048,False,RANGE,0.04358974358974359,0.24871794871794872,0.010256410256410256,0.07179487179487179,0.17692307692307693,29.788178661431076,0.4896723293249348,0.9673601484231632,16.300307728591918,0.34932428240373975,148734.21624000004,4873.37040842438,SURVIVAL,False,WARNING,160000.0,159818.68747663236,-181.3125233676331,181.3125233676401,159818.68747663236,-181.3125233676401,1.0,1.0,160000.0,-0.11332032710477506,7818.68747663236,15818.68747663236,0.33535078304430094
2026-01-07,156701.74461592495,153566.5097236064,-3135.234892318549,3135.234892318549,8000.0,4864.765107681451,2,PASS,2026-01,153566.5097236064,158334.21624000004,153566.5097236064,-4767.706516393635,-3.011166271961605,9566.509723606403,0.3919043615398186,0.2979816572746022,Wed,2026-W02,True,1,True,False,-4767.706516393635,False,-6433.490276393597,False,RANGE,0.05641025641025641,0.15897435897435896,0.007692307692307693,0.14358974358974358,0.28974358974358977,35.7437041729004,0.49837981520363656,0.9323894251668791,38.07333894472628,0.5062954917839972,148734.21624000004,4832.293483606365,SURVIVAL,False,WARNING,159818.68747663236,159639.86654814065,-178.8209284917175,178.82092849171022,159639.86654814065,-360.1334518593503,1.0,1.0,160000.0,-0.22508340741209396,7821.17907150829,15639.86654814065,0.33661643978624634
2026-01-08,153566.5097236064,153375.03976942317,3070.7301944720966,191.46995418323786,8000.0,7808.530045816762,1,PASS,2026-01,156637.2399180785,158334.21624000004,153375.03976942317,-4959.176470576873,-3.1320939897538294,9375.039769423165,0.023933744272904733,0.30994852941105455,Thu,2026-W02,False,0,False,True,-1696.9763219215383,False,-3362.7600819215004,False,RANGE,0.02564102564102564,0.358974358974359,0.0,0.1564102564102564,0.09230769230769231,25.130264599946283,0.5106158229235153,0.9437350930961219,12.364161460899403,0.3221467636713599,148734.21624000004,4640.823529423127,SURVIVAL,False,WARNING,159639.86654814065,159639.86654814065,387.33702927798555,0.0,160027.20357741864,-387.3370292779873,1.0,0.0,160027.20357741864,-0.24204449032354663,8000.0,15639.86654814065,0.32432250095244125
2026-01-09,156637.2399180785,156515.9265666087,2104.125272192905,121.31335146981291,8000.0,7878.686648530187,1,PASS,2026-01,158741.3651902714,158741.3651902714,156515.9265666087,-2225.438623662718,-1.4019273558566483,12515.926566608687,0.015164168933726614,0.13908991397891987,Fri,2026-W02,False,0,False,True,407.14895027136663,False,-1258.6348097285954,False,RANGE,0.04871794871794872,0.31025641025641026,0.0,0.14102564102564102,0.09487179487179487,26.991454038563894,0.5058081482895378,0.9627070854059598,7.619352404664282,0.2722797044805394,149141.3651902714,7374.561376337282,NORMAL,False,WARNING,160027.20357741864,160027.20357741864,1077.7075254952235,0.0,161104.91110291387,-1077.707525495236,1.0,0.0,161104.91110291387,-0.6689476553615402,8000.0,16027.203577418637,0.321209971252886
2026-01-12,158741.3651902714,155581.218022985,-3160.147167286399,3160.147167286399,8000.0,4839.852832713601,2,PASS,2026-01,155581.218022985,158741.3651902714,155581.218022985,-3160.147167286399,-1.9907521668964905,11581.218022985006,0.3950183959107999,0.19750919795539995,Mon,2026-W03,True,1,False,False,-3160.147167286399,False,-4418.7819770149945,False,RANGE,0.0641025641025641,0.2282051282051282,0.0,0.11282051282051282,0.023076923076923078,26.644950020548524,0.5166679391741427,0.9954722301218729,21.43956387749105,0.3764587698030105,149141.3651902714,6439.852832713601,SURVIVAL,False,WARNING,161104.91110291387,160508.47966319748,-596.431439716398,596.431439716398,160508.47966319748,-596.431439716398,2.0,0.0,161104.91110291387,-0.370213071490662,7403.568560283602,16508.479663197475,0.3583472356155226
2026-01-13,155581.218022985,155581.218022985,3111.0243604597053,0.0,8000.0,8000.0,1,PASS,2026-01,158692.2423834447,158741.3651902714,155581.218022985,-3160.147167286399,-1.9907521668964905,11581.218022985006,0.0,0.19750919795539995,Tue,2026-W03,False,0,False,True,-49.122806826693704,False,-1307.7576165552891,False,RANGE,0.04358974358974359,0.1794871794871795,0.0,0.1358974358974359,0.13333333333333333,28.52972345196073,0.49716259110800054,0.9586207421385112,7.255678666833717,0.27433479628627777,149141.3651902714,6439.852832713601,SURVIVAL,False,WARNING,160508.47966319748,160508.47966319748,0.0,0.0,160508.47966319748,-596.431439716398,0.0,1.0,161104.91110291387,-0.370213071490662,8000.0,16508.479663197475,0.31734257413502026
2026-01-14,158692.2423834447,158692.2423834447,3173.2448476688587,0.0,8000.0,8000.0,1,PASS,2026-01,161865.48723111357,161865.48723111357,158692.2423834447,-3173.2448476688587,-1.9604209037705858,14692.24238344471,0.0,0.19832780297930366,Wed,2026-W03,False,0,False,True,3124.122040842165,False,1865.4872311135696,False,RANGE,0.05641025641025641,0.17692307692307693,0.007692307692307693,0.2230769230769231,0.15384615384615385,28.641866485758175,0.4992885976260666,0.956619408991416,7.404348920636438,0.2598501003113588,152265.48723111357,6426.755152331141,NORMAL,False,WARNING,160508.47966319748,160508.47966319748,0.0,0.0,160508.47966319748,-596.431439716398,0.0,1.0,161104.91110291387,-0.370213071490662,8000.0,16508.479663197475,0.31734257413502026
2026-01-15,161865.48723111357,161747.10299141586,6473.419489244552,118.38423969771247,8000.0,7881.6157603022875,2,PASS,2026-01,168338.90672035812,168338.90672035812,161747.10299141586,-6591.803728942265,-3.915793358390086,17747.102991415857,0.01479802996221406,0.4119877330588915,Thu,2026-W03,False,0,False,True,9597.541530086717,True,8338.906720358122,False,RANGE,0.06153846153846154,0.19743589743589743,0.0,0.1076923076923077,0.23333333333333334,30.957719612922908,0.509546563169392,0.9818091140119112,13.456454738159223,0.28815095915766714,158738.90672035812,3008.1962710577354,RECOVERY,False,SAFE,160508.47966319748,160508.47966319748,2495.278178074068,0.0,163003.75784127155,-2495.278178074077,1.0,1.0,163003.75784127155,-1.5308102163533606,8000.0,16508.479663197475,0.31734257413502026
2026-01-16,168338.90672035812,168338.90672035812,0.0,0.0,8000.0,8000.0,0,PASS,2026-01,168338.90672035812,168338.90672035812,168338.90672035812,0.0,0.0,24338.90672035812,0.0,0.0,Fri,2026-W03,False,0,False,False,9597.541530086717,True,8338.906720358122,False,RANGE,0.07435897435897436,0.11538461538461539,0.0,0.11025641025641025,0.16923076923076924,31.522487722902532,0.5010752688172043,0.9561628237258204,2.046153846153846,0.1730377740905171,158738.90672035812,9600.0,NORMAL,False,SAFE,,,,,,,,,,,,,
2026-01-19,168338.90672035812,168315.59701615237,3366.1781344071787,23.309704205748858,8000.0,7976.690295794251,1,PASS,2026-01,171705.0848547653,171705.0848547653,168315.59701615237,-3389.4878386129276,-1.9740171594102094,24315.597016152373,0.0029137130257186074,0.21184298991330797,Mon,2026-W04,False,0,False,True,3366.1781344071787,False,11705.0848547653,False,RANGE,0.07692307692307693,0.14102564102564102,0.002564102564102564,0.12564102564102564,0.24102564102564103,29.880915897397394,0.4801465504443172,0.9281023413818963,7.71681947193759,0.21398311511718882,162105.0848547653,6210.512161387072,NORMAL,False,SAFE,163003.75784127155,163003.75784127155,429.3727167000687,0.0,163433.13055797163,-429.3727167000761,1.0,0.0,163433.13055797163,-0.2627207318578363,8000.0,19003.757841271552,0.2972912316326394
2026-01-20,171705.0848547653,166603.49006949386,-5101.594785271445,5101.594785271445,8000.0,2898.4052147285547,3,PASS,2026-01,166603.49006949386,171705.0848547653,166603.49006949386,-5101.594785271445,-2.9711378609355505,22603.490069493855,0.6376993481589307,0.31884967407946535,Tue,2026-W04,True,1,False,False,-1735.4166508642666,False,6603.490069493855,False,RANGE,0.07948717948717948,0.2641025641025641,0.002564102564102564,0.14615384615384616,0.05128205128205128,25.182478927105866,0.49380614055552025,0.9590763370041163,32.29709409162635,0.39952162711224043,162105.0848547653,4498.405214728555,NORMAL,True,SAFE,163433.13055797163,162593.14867653413,-839.9818814374992,839.981881437503,162593.14867653413,-839.981881437503,3.0,0.0,163433.13055797163,-0.5139605896122462,7160.018118562497,18593.148676534125,0.35833952391239343
2026-01-21,166603.49006949386,164936.8551687989,1631.502202681062,1666.6349006949458,8000.0,6333.365099305054,2,PASS,2026-01,168234.99227217492,171705.0848547653,164936.8551687989,-6768.229685966391,-3.941775918687101,20936.85516879891,0.20832936258686824,0.42301435537289944,Wed,2026-W04,False,0,False,True,-103.91444818320451,False,8234.992272174917,False,RANGE,0.08717948717948718,0.12051282051282051,0.0,0.13076923076923078,0.20256410256410257,32.04765687101691,0.4837290124635038,0.9457636203094952,19.076521813210586,0.3126666812111217,162105.0848547653,2831.770314033609,RECOVERY,False,SAFE,162593.14867653413,162593.14867653413,0.0,0.0,162593.14867653413,-839.981881437503,0.0,2.0,163433.13055797163,-0.5139605896122462,8000.0,18593.148676534125,0.30059076956356506
2026-01-22,168234.99227217492,166451.7817796188,1647.490924267302,1783.2104925561289,8000.0,6216.789507443871,2,PASS,2026-01,169882.48319644222,171705.0848547653,166451.7817796188,-5253.303075146512,-3.059491848823205,22451.78177961879,0.22290131156951612,0.328331442196657,Thu,2026-W04,False,0,False,True,1543.5764760840975,False,9882.48319644222,False,RANGE,0.1076923076923077,0.24871794871794872,0.005128205128205128,0.11025641025641025,0.11794871794871795,27.25039749612353,0.47756993489003413,0.947503032159682,18.674812581489086,0.3021997416886275,162105.0848547653,4346.696924853488,NORMAL,False,SAFE,162593.14867653413,162500.69075207086,653.17942493451,92.45792446326232,163246.32810146862,-932.4398059007654,2.0,0.0,163433.13055797163,-0.570532916255935,7907.542075536738,18500.690752070863,0.30769021733485125
2026-01-23,169882.48319644222,167827.9229273408,1663.6363353251945,2054.5602691014064,8000.0,5945.439730898594,2,PASS,2026-01,171546.1195317674,171705.0848547653,167827.9229273408,-3877.1619274244877,-2.258035590910973,23827.922927340813,0.2568200336376758,0.24232262046403047,Fri,2026-W04,False,0,False,True,3207.212811409292,False,11546.119531767414,False,RANGE,0.07692307692307693,0.25384615384615383,0.002564102564102564,0.035897435897435895,0.18717948717948718,30.376121844429,0.4868875174086092,0.9750648438330155,17.224204982269498,0.2848746612356363,162105.0848547653,5722.838072575512,NORMAL,False,SAFE,163246.32810146862,163166.40093977563,384.5484975073559,79.92716169299092,163630.87659897597,-464.4756592003396,2.0,0.0,163630.87659897597,-0.28385575439937866,7920.072838307009,19166.40093977563,0.3014792705289103
2026-01-26,171546.1195317674,167794.92028639777,-52.938623620488215,3751.199245369644,8000.0,4248.800754630356,3,PASS,2026-01,171493.18090814693,171705.0848547653,167794.92028639777,-3910.1645683675306,-2.2772561288297877,23794.92028639777,0.4688999056712055,0.24438528552297067,Mon,2026-W05,True,1,False,False,-52.938623620488215,False,11493.180908146926,False,RANGE,0.06923076923076923,0.1282051282051282,0.005128205128205128,0.1794871794871795,0.2846153846153846,33.02730884698559,0.49660261712370896,0.9633502785654678,23.889449821030947,0.33302943727943396,162105.0848547653,5689.835431632469,NORMAL,True,SAFE,163630.87659897597,163307.11195270275,-323.7646462732209,323.76464627322275,163307.11195270275,-323.76464627322275,2.0,1.0,163630.87659897597,-0.19786280743743748,7676.235353726777,19307.111952702748,0.3171123840970656
2026-01-27,171493.18090814693,168079.27260807483,1624.048232812056,3413.9083000721002,8000.0,4586.0916999279,4,PASS,2026-01,173117.22914095898,173117.22914095898,168079.27260807483,-5037.956532884156,-2.9101416178409663,24079.272608074825,0.4267385375090125,0.3148722833052598,Tue,2026-W05,False,0,False,True,1571.1096091915679,False,13117.229140958982,False,RANGE,0.1076923076923077,0.2641025641025641,0.0,0.14358974358974358,0.06153846153846154,25.578561422632404,0.49363442274112246,0.9710287058723258,24.607296541235204,0.33677617205651933,163517.22914095898,4562.043467115844,NORMAL,False,SAFE,163307.11195270275,163270.72734846934,30.183636458955014,36.38460423340439,163337.29558916172,-360.14925050662714,2.0,2.0,163630.87659897597,-0.22009858896574597,7963.615395766596,19270.727348469343,0.2976473824908465
2026-01-28,173117.22914095898,173054.38477833342,3461.7445828191703,62.84436262556119,8000.0,7937.155637374439,1,PASS,2026-01,176578.97372377815,176578.97372377815,173054.38477833342,-3524.5889454447315,-1.9960411316911568,29054.38477833342,0.007855545328195148,0.22028680909029572,Wed,2026-W05,False,0,False,True,5032.854192010738,True,16578.973723778152,True,RANGE,0.05384615384615385,0.08717948717948718,0.005128205128205128,0.18461538461538463,0.18205128205128204,33.19620659188917,0.4926210826210827,0.933755997099689,7.260785305051966,0.18700573030470705,166978.97372377815,6075.4110545552685,NORMAL,False,SAFE,163337.29558916172,163337.29558916172,186.06512398501246,0.0,163523.36071314674,-293.5810098142538,1.0,0.0,163630.87659897597,-0.17941663328844568,8000.0,19337.295589161717,0.2946110175870934
2026-01-29,176578.97372377815,176578.97372377815,0.0,0.0,8000.0,8000.0,0,PASS,2026-01,176578.97372377815,176578.97372377815,176578.97372377815,0.0,0.0,32578.973723778152,0.0,0.0,Thu,2026-W05,False,0,False,False,5032.854192010738,True,16578.973723778152,True,RANGE,0.05897435897435897,0.14358974358974358,0.005128205128205128,0.18205128205128204,0.23076923076923078,34.838513508255694,0.47365541911447623,0.9413670972110157,2.143589743589743,0.13253897753495542,166978.97372377815,9600.0,NORMAL,False,SAFE,,,,,,,,,,,,,
2026-01-30,176578.97372377815,176578.97372377815,0.0,0.0,8000.0,8000.0,0,PASS,2026-01,176578.97372377815,176578.97372377815,176578.97372377815,0.0,0.0,32578.973723778152,0.0,0.0,Fri,2026-W05,False,0,False,False,5032.854192010738,True,16578.973723778152,True,RANGE,0.07692307692307693,0.19230769230769232,0.0,0.13076923076923078,0.09743589743589744,28.139496360450618,0.4943828692215789,0.9801923675531963,2.8461538461538463,0.13759743907341696,166978.97372377815,9600.0,NORMAL,False,SAFE,,,,,,,,,,,,,
2026-02-02,176578.97372377815,174383.8920201209,1729.2619424930017,2195.0817036572553,8000.0,5804.918296342745,2,PASS,2026-02,178308.23566627115,178308.23566627115,174383.8920201209,-3924.343646150257,-2.2008762699526767,30383.892020120897,0.2743852129571569,0.24527147788439105,Mon,2026-W06,False,0,False,True,1729.2619424930017,False,1729.2619424930017,False,RANGE,0.046153846153846156,0.08974358974358974,0.0,0.13333333333333333,0.2153846153846154,31.612029516243084,0.48195464217796724,0.9408855249141521,15.814625387106537,0.2419458426865626,168708.23566627115,5675.656353849743,NORMAL,False,SAFE,163523.36071314674,162462.92575812023,-349.9286177482371,1060.4349550265179,163173.43209539852,-1167.950840855745,2.0,0.0,163630.87659897597,-0.7137716701953145,6939.565044973482,18462.925758120226,0.37454210688746414
2026-02-03,178308.23566627115,178308.23566627115,0.0,0.0,8000.0,8000.0,0,PASS,2026-02,178308.23566627115,178308.23566627115,178308.23566627115,0.0,0.0,34308.23566627115,0.0,0.0,Tue,2026-W06,False,0,False,False,1729.2619424930017,False,1729.2619424930017,False,RANGE,0.01282051282051282,0.10256410256410256,0.0,0.14871794871794872,0.25384615384615383,34.171340956999074,0.527636175973645,0.9535633155169937,1.1794871794871793,0.11695112936095194,168708.23566627115,9600.0,NORMAL,False,SAFE,,,,,,,,,,,,,
2026-02-04,178308.23566627115,174758.70777651237,-3269.6234573325783,3549.527889758785,8000.0,4450.472110241215,3,PASS,2026-02,175038.61220893858,178308.23566627115,174758.70777651237,-3549.527889758785,-1.9906696269499429,30758.70777651237,0.44369098621984815,0.22184549310992407,Wed,2026-W06,True,1,False,False,-1540.3615148395766,False,-1540.3615148395766,False,RANGE,0.03076923076923077,0.24358974358974358,0.007692307692307693,0.1076923076923077,0.18461538461538463,29.164703662786515,0.5132169695941408,0.9339207521306089,23.261995119471752,0.2936928259776348,168708.23566627115,6050.472110241215,NORMAL,True,SAFE,163173.43209539852,163173.43209539852,1033.2173469105458,0.0,164206.64944230905,-1033.2173469105328,1.0,2.0,164206.64944230905,-0.6292177268214308,8000.0,19173.432095398515,0.29592777780483337
2026-02-05,175038.61220893858,173946.30531434363,1564.846472304489,1092.306894594949,8000.0,6907.693105405051,0,PASS,2026-02,176603.45868124306,178308.23566627115,173946.30531434363,-4361.930351927527,-2.446286530528792,29946.305314343626,0.13653836182436863,0.27262064699547045,Thu,2026-W06,False,0,False,True,24.48495746491244,False,24.48495746491244,False,RANGE,0.017948717948717947,0.10256410256410256,0.010256410256410256,0.10512820512820513,0.16923076923076924,31.128149308190093,0.5220097134737334,0.9555648363890255,12.15269267064346,0.21776786065691478,168708.23566627115,5238.069648072473,NORMAL,False,SAFE,,,,,,,,,,,,,
2026-02-06,176603.45868124306,176506.894318887,3531.4691736248496,96.56436235606088,8000.0,7903.435637643939,1,PASS,2026-02,180134.9278548679,180134.9278548679,176506.894318887,-3628.0335359809105,-2.01406444557158,32506.894318887003,0.012070545294507611,0.2267520959988069,Fri,2026-W06,False,0,False,True,3555.954131089762,False,3555.954131089762,False,RANGE,0.028205128205128206,0.2128205128205128,0.005128205128205128,0.1717948717948718,0.2,28.889201287367733,0.5168431917315292,0.9708218099467134,8.497585425472067,0.17864814346896388,170534.9278548679,5971.9664640190895,NORMAL,False,SAFE,164206.64944230905,164206.64944230905,0.0,0.0,164206.64944230905,0.0,0.0,1.0,164206.64944230905,0.0,8000.0,20206.649442309048,0.2876251384100166
2026-02-09,180134.9278548679,177296.52724761737,-2220.6521850518475,2838.4006072505435,8000.0,5161.5993927494565,2,PASS,2026-02,177914.27566981607,180134.9278548679,177296.52724761737,-2838.4006072505435,-1.5757080767464495,33296.52724761737,0.35480007590631796,0.17740003795315898,Mon,2026-W07,True,1,False,False,-2220.6521850518475,False,1335.3019460379146,False,RANGE,0.010256410256410256,0.2282051282051282,0.0,0.09230769230769231,0.2,28.886878355166775,0.503650399779432,0.9379883994553831,19.08413143114672,0.2509231100661695,170534.9278548679,6761.5993927494565,NORMAL,True,SAFE,164206.64944230905,162447.07244514296,-1759.5769971661052,1759.576997166092,162447.07244514296,-1759.576997166092,2.0,0.0,164206.64944230905,-1.0715625726132891,6240.423002833908,18447.072445142956,0.4227355149781273
2026-02-10,177914.27566981607,176549.0487905561,-1204.379099457059,1365.226879259979,8000.0,6634.773120740021,1,PASS,2026-02,176709.896570359,180134.9278548679,176549.0487905561,-3585.8790643118264,-1.9906628364716235,32549.048790556088,0.17065335990749736,0.22411744151948915,Tue,2026-W07,True,2,False,False,-3425.0312845089065,False,130.92284658085555,False,RANGE,0.020512820512820513,0.16666666666666666,0.002564102564102564,0.15384615384615385,0.18205128205128204,31.41498867835645,0.5220725612040749,0.9289469095292724,15.835357348032662,0.23126932895305474,170534.9278548679,6014.120935688174,RECOVERY,False,SAFE,162447.07244514296,162447.07244514296,0.0,0.0,162447.07244514296,-1759.576997166092,0.0,1.0,164206.64944230905,-1.0715625726132891,8000.0,18447.072445142956,0.30176459642295844
2026-02-11,176709.896570359,174608.13388940343,1568.1208983446122,2101.7626809555804,8000.0,5898.23731904442,1,PASS,2026-02,178278.01746870362,180134.9278548679,174608.13388940343,-5526.793965464487,-3.0681412157432035,30608.133889403427,0.26272033511944753,0.3454246228415304,Wed,2026-W07,False,0,False,True,-1856.9103861642943,False,1699.0437449254678,False,RANGE,0.035897435897435895,0.015384615384615385,0.0,0.19487179487179487,0.22564102564102564,33.89354923949359,0.5258683803100677,0.9518789821532483,17.10184100923707,0.2500925858194898,170534.9278548679,4073.206034535513,NORMAL,False,SAFE,162447.07244514296,162447.07244514296,2141.188344695057,0.0,164588.260789838,-2141.1883446950524,1.0,0.0,164588.260789838,-1.3009362480773314,8000.0,18447.072445142956,0.30176459642295844
2026-02-12,178278.01746870362,178278.01746870362,3564.9603493741306,0.0,8000.0,8000.0,1,PASS,2026-02,181842.97781807775,181842.97781807775,178278.01746870362,-3564.9603493741306,-1.9604608284300342,34278.01746870362,0.0,0.22281002183588317,Thu,2026-W07,False,0,False,True,1708.0499632098363,False,5264.004094299598,False,RANGE,0.05128205128205128,0.08205128205128205,0.0,0.18717948717948718,0.16666666666666666,32.48326643726787,0.5226601061836794,0.976534667873601,7.006147981794515,0.15905417812540243,172242.97781807775,6035.039650625869,NORMAL,False,SAFE,164588.260789838,164588.260789838,515.7697232248377,0.0,165104.03051306284,-515.769723224832,1.0,0.0,165104.03051306284,-0.31239075243776365,8000.0,20588.26078983801,0.28455861865308746
2026-02-13,181842.97781807775,179295.36395441086,-2547.613863666891,2547.613863666891,8000.0,5452.386136333109,3,PASS,2026-02,179295.36395441086,181842.97781807775,179295.36395441086,-2547.613863666891,-1.4009965599087448,35295.36395441086,0.3184517329583614,0.1592258664791807,Fri,2026-W07,True,1,False,False,-839.5639004570548,False,2716.3902306327072,False,RANGE,0.03333333333333333,0.18717948717948718,0.0,0.07948717948717948,0.1564102564102564,30.1088339932445,0.5123601478936466,0.9514356981140082,17.405993522525232,0.22884633359012735,172242.97781807775,7052.386136333109,NORMAL,True,SAFE,165104.03051306284,164895.52426722902,-208.50624583382861,208.5062458338216,164895.52426722902,-208.5062458338216,3.0,0.0,165104.03051306284,-0.1262877987810993,7791.493754166178,20895.52426722902,0.2964243415394135
2026-02-16,179295.36395441086,179295.36395441086,3585.307279088185,0.0,8000.0,8000.0,1,PASS,2026-02,182880.67123349904,182880.67123349904,179295.36395441086,-3585.307279088185,-1.9604626639359408,35295.36395441086,0.0,0.22408170494301158,Mon,2026-W08,False,0,False,True,3585.307279088185,False,6301.697509720892,False,RANGE,0.041025641025641026,0.258974358974359,0.002564102564102564,0.11538461538461539,0.1717948717948718,28.079466145675706,0.5104991057100238,0.9537936161637717,8.684093905626572,0.166048656348457,173280.67123349904,6014.692720911815,NORMAL,False,SAFE,164895.52426722902,164895.52426722902,2117.078342121375,0.0,167012.6026093504,-2117.0783421213855,1.0,0.0,167012.6026093504,-1.267615921819578,8000.0,20895.52426722902,0.28208953713833823
2026-02-17,182880.67123349904,181051.26452116403,-1829.4067123350105,1829.4067123350105,8000.0,6170.5932876649895,1,PASS,2026-02,181051.26452116403,182880.67123349904,181051.26452116403,-1829.4067123350105,-1.0003280827853338,37051.264521164034,0.22867583904187633,0.11433791952093816,Tue,2026-W08,True,1,False,False,1755.9005667531746,False,4472.290797385882,False,CHOP,0.041025641025641026,0.41794871794871796,0.0,0.06923076923076923,0.15384615384615385,24.876859298481246,0.5165698147087725,0.9761597456176949,15.990518031074616,0.2098754072179171,173280.67123349904,7770.5932876649895,NORMAL,False,SAFE,167012.6026093504,167012.6026093504,0.0,0.0,167012.6026093504,0.0,0.0,1.0,167012.6026093504,0.0,8000.0,23012.602609350404,0.2650773004605771
2026-02-18,181051.26452116403,177382.8452253366,-2987.2672587140696,3668.4192958274216,8000.0,4331.580704172578,3,PASS,2026-02,178063.99726244996,182880.67123349904,177382.8452253366,-5497.826008162432,-3.0062367832972887,33382.84522533661,0.4585524119784277,0.343614125510152,Wed,2026-W08,True,2,False,False,-1231.366691960895,False,1485.0235386718123,False,RANGE,0.007692307692307693,0.3,0.005128205128205128,0.11794871794871795,0.14102564102564102,26.83206672988371,0.5179795409075806,0.9403429953557425,28.639233189414323,0.31928825283710005,173280.67123349904,4102.173991837568,RECOVERY,True,SAFE,167012.6026093504,167012.6026093504,0.0,0.0,167012.6026093504,0.0,0.0,3.0,167012.6026093504,0.0,8000.0,23012.602609350404,0.2650773004605771
2026-02-19,178063.99726244996,178063.99726244996,2913.0227529056137,0.0,8000.0,8000.0,0,PASS,2026-02,180977.02001535558,182880.67123349904,178063.99726244996,-4816.67397104908,-2.6337796873564785,34063.997262449964,0.0,0.3010421231905675,Thu,2026-W08,False,0,False,True,1681.6560609447188,False,4398.046291577426,False,RANGE,0.023076923076923078,0.2717948717948718,0.007692307692307693,0.12564102564102564,0.18461538461538463,28.759913364884213,0.5218572246611949,0.9619721692591924,10.520924874635982,0.18543067278512926,173280.67123349904,4783.32602895092,NORMAL,False,SAFE,,,,,,,,,,,,,
2026-02-20,180977.02001535558,180890.12776746132,3618.940400307125,86.89224789425498,8000.0,7913.107752105745,1,PASS,2026-02,184595.9604156627,184595.9604156627,180890.12776746132,-3705.83264820138,-2.007537239632328,36890.12776746132,0.010861530986781873,0.23161454051258626,Fri,2026-W08,False,0,False,True,5300.596461251844,True,8016.986691884551,False,RANGE,0.02564102564102564,0.3487179487179487,0.010256410256410256,0.07948717948717948,0.1,26.176958135496427,0.521935413176108,0.9589011067235486,9.911081237289906,0.16690914607118074,174995.9604156627,5894.16735179862,NORMAL,False,SAFE,167012.6026093504,167012.6026093504,2412.3524846494,0.0,169424.9550939998,-2412.3524846493965,1.0,0.0,169424.9550939998,-1.4238472032121732,8000.0,23012.602609350404,0.2650773004605771
2026-02-23,184595.9604156627,180921.30680339102,-3674.653612271679,3674.653612271679,8000.0,4325.346387728321,2,PASS,2026-02,180921.30680339102,184595.9604156627,180921.30680339102,-3674.653612271679,-1.9906468180545782,36921.306803391024,0.45933170153395986,0.22966585076697993,Mon,2026-W09,True,1,False,False,-3674.653612271679,False,4342.333079612872,False,RANGE,0.11282051282051282,0.18974358974358974,0.010256410256410256,0.16153846153846155,0.12564102564102564,28.289951493242384,0.48626582681173247,0.9944986014404642,24.372879366475345,0.2708781974216674,174995.9604156627,5925.346387728321,NORMAL,True,SAFE,169424.9550939998,169176.3931656975,-248.56192830229747,248.56192830231157,169176.3931656975,-248.56192830231157,2.0,0.0,169424.9550939998,-0.14670915991354713,7751.438071697688,25176.39316569749,0.2647783303464291
2026-02-24,180921.30680339102,176810.06805533156,-55.732429427385796,4111.2387480594625,8000.0,3888.7612519405375,3,PASS,2026-02,180865.57437396364,184595.9604156627,176810.06805533156,-7785.892360331141,-4.2178021354309765,32810.06805533156,0.5139048435074328,0.48661827252069634,Tue,2026-W09,True,2,True,False,-3730.3860416990647,False,4286.600650185486,False,RANGE,0.08205128205128205,0.28205128205128205,0.0,0.13846153846153847,0.19230769230769232,32.58275616714071,0.48233957568945157,0.942796312370761,49.5877303233686,0.47298131805159616,174995.9604156627,1814.1076396688586,SURVIVAL,True,SAFE,169176.3931656975,168461.8678939779,-395.84162520913674,714.5252717195835,168780.55154048835,-963.0872000218951,3.0,0.0,169424.9550939998,-0.5684447131696498,7285.4747282804165,24461.867893977906,0.3025550311398275
2026-02-25,180865.57437396364,179056.31863022398,-1809.2557437396608,1809.2557437396608,8000.0,6190.744256260339,1,PASS,2026-02,179056.31863022398,184595.9604156627,179056.31863022398,-5539.6417854387255,-3.000955044175872,35056.31863022398,0.2261569679674576,0.3462276115899203,Wed,2026-W09,True,3,False,False,-5539.6417854387255,False,2477.3449064458255,False,RANGE,0.08461538461538462,0.13333333333333333,0.0,0.12051282051282051,0.18974358974358974,31.838514743278523,0.47371275264575513,0.9583529607452752,22.589117277489684,0.26736005124680584,174995.9604156627,4060.3582145612745,RECOVERY,False,SAFE,168780.55154048835,168603.93345764454,-176.61808284381908,176.61808284380822,168603.93345764454,-821.0216363552609,1.0,0.0,169424.9550939998,-0.48459309663074385,7823.381917156192,24603.93345764454,0.2644323136251539
2026-02-26,179056.31863022398,174807.9728489626,-4248.345781261363,4248.345781261363,8000.0,3751.6542187386367,3,PASS,2026-02,174807.9728489626,184595.9604156627,174807.9728489626,-9787.987566700089,-5.302384485911856,30807.972848962614,0.5310432226576705,0.6117492229187556,Thu,2026-W09,True,4,True,False,-9787.987566700089,False,-1771.0008748155378,False,RANGE,0.12051282051282051,0.2692307692307692,0.0,0.14102564102564102,0.16923076923076924,30.469343013508166,0.4716724282977385,0.9738058722233833,56.76348879116054,0.5346572550515428,174995.9604156627,-187.9875667000888,SURVIVAL,True,SAFE,168603.93345764454,168558.02551375882,-45.90794388570812,45.90794388571521,168558.02551375882,-866.9295802409761,1.0,2.0,169424.9550939998,-0.5116894260116457,7954.092056114285,24558.025513758825,0.25581489469229524
2026-02-27,174807.9728489626,173059.29312047295,1711.9061339198088,1748.6797284896602,8000.0,6251.32027151034,2,PASS,2026-02,176519.87898288242,184595.9604156627,173059.29312047295,-11536.667295189749,-6.249685675251039,29059.293120472954,0.21858496606120753,0.7210417059493593,Fri,2026-W09,False,0,True,True,-8076.08143278028,False,-59.094740895729046,False,RANGE,0.07179487179487179,0.28717948717948716,0.002564102564102564,0.09743589743589744,0.0641025641025641,24.840678607794956,0.4853164655397906,0.9847211497994528,43.31692496390354,0.4465853941377407,174995.9604156627,-1936.667295189749,SURVIVAL,False,SAFE,168558.02551375882,168558.02551375882,0.0,0.0,168558.02551375882,-866.9295802409761,0.0,2.0,169424.9550939998,-0.5116894260116457,8000.0,24558.025513758825,0.25265872355015234
2026-03-02,176519.87898288242,171275.2799972118,-5244.598985670629,5244.598985670629,8000.0,2755.401014329371,3,PASS,2026-03,171275.2799972118,184595.9604156627,171275.2799972118,-13320.68041845091,-7.216127800660511,27275.279997211794,0.6555748732088287,0.8325425261531818,Mon,2026-W10,True,1,True,False,-5244.598985670629,False,-5244.598985670629,False,RANGE,0.12564102564102564,0.29743589743589743,0.005128205128205128,0.09487179487179487,0.1,24.651497586943687,0.47427244385060763,0.9853788671410879,61.56286063214569,0.5868761965653899,174995.9604156627,-3720.680418450909,SURVIVAL,True,SAFE,168558.02551375882,168301.99727624678,-256.0282375120526,256.02823751204414,168301.99727624678,-1122.9578177530202,1.0,2.0,169424.9550939998,-0.6628054392164273,7743.971762487956,24301.99727624678,0.2723180346448271
2026-03-03,171275.2799972118,170948.540754751,6849.811199888412,326.7392424607824,8000.0,7673.260757539218,2,PASS,2026-03,178125.0911971002,184595.9604156627,170948.540754751,-13647.419660911692,-7.39313018019528,26948.54075475101,0.0408424053075978,0.8529637288069807,Tue,2026-W10,False,0,True,True,1605.2122142177832,False,1605.2122142177832,False,RANGE,0.08205128205128205,0.26153846153846155,0.007692307692307693,0.21025641025641026,0.09230769230769231,25.879245842307334,0.47357652365096536,0.9379312921580266,41.149365379402454,0.4415327269579426,174995.9604156627,-4047.4196609116916,SURVIVAL,False,SAFE,168301.99727624678,168301.99727624678,0.0,0.0,168301.99727624678,-1122.9578177530202,0.0,2.0,169424.9550939998,-0.6628054392164273,8000.0,24301.99727624678,0.2547160933158741
2026-03-04,178125.0911971002,177933.37620150967,-62.93195829112665,191.71499559053336,8000.0,7808.285004409467,1,PASS,2026-03,178062.15923880908,184595.9604156627,177933.37620150967,-6662.58421415303,-3.609279530901219,33933.37620150967,0.02396437444881667,0.4164115133845644,Wed,2026-W10,True,1,True,False,1542.2802559266565,False,1542.2802559266565,False,RANGE,0.10256410256410256,0.07692307692307693,0.005128205128205128,0.18974358974358974,0.2282051282051282,33.95437826890595,0.47312994422175564,0.9741507953734952,29.729219068078613,0.32438349628261764,174995.9604156627,2937.41578584697,SURVIVAL,False,SAFE,168301.99727624678,167689.21849167562,-612.7787845711488,612.7787845711573,167689.21849167562,-1735.7366023241775,1.0,0.0,169424.9550939998,-1.0244869779432209,7387.221215428843,23689.218491675623,0.3017687499883023
2026-03-05,178062.15923880908,173782.8751388401,43.31344917145907,4279.284099968965,8000.0,3720.715900031035,2,PASS,2026-03,178105.47268798054,184595.9604156627,173782.8751388401,-10813.085276822589,-5.857704173197668,29782.875138840114,0.5349105124961206,0.6758178298014118,Thu,2026-W10,False,0,False,False,1585.5937050981156,False,1585.5937050981156,False,RANGE,0.09743589743589744,0.09743589743589744,0.0,0.12307692307692308,0.07435897435897436,28.913181689647395,0.4781407958827314,0.9682765108412192,35.086350863508656,0.38370735052306176,174995.9604156627,-1213.0852768225886,RECOVERY,False,SAFE,167689.21849167562,167454.16354709218,-235.05494458346115,235.05494458344765,167454.16354709218,-1970.7915469076252,1.0,1.0,169424.9550939998,-1.163223886241668,7764.945055416552,23454.163547092176,0.2776890703652642
2026-03-06,178105.47268798054,176323.81796110072,-1781.6547268798167,1781.6547268798167,8000.0,6218.345273120183,1,PASS,2026-03,176323.81796110072,184595.9604156627,176323.81796110072,-8272.142454561981,-4.481215318003297,32323.81796110072,0.22270684085997708,0.5170089034101238,Fri,2026-W10,True,1,True,False,-196.06102178170113,False,-196.06102178170113,False,RANGE,0.038461538461538464,0.15897435897435896,0.0,0.16153846153846155,0.15384615384615385,28.79923895679438,0.4823776095240115,0.9584717984515772,38.25770986233446,0.39383642120330453,174995.9604156627,1327.8575454380189,SURVIVAL,False,SAFE,167454.16354709218,167454.16354709218,0.0,0.0,167454.16354709218,-1970.7915469076252,0.0,1.0,169424.9550939998,-1.163223886241668,8000.0,23454.163547092176,0.26152904292515217
2026-03-09,176323.81796110072,174559.9797814897,-1763.8381796110189,1763.8381796110189,8000.0,6236.161820388981,1,PASS,2026-03,174559.9797814897,184595.9604156627,174559.9797814897,-10035.980634173,-5.436728199021554,30559.979781489703,0.22047977245137737,0.6272487896358125,Mon,2026-W11,True,2,False,False,-1763.8381796110189,False,-1959.89920139272,False,RANGE,0.03076923076923077,0.28974358974358977,0.002564102564102564,0.03333333333333333,0.13076923076923078,25.543543007202967,0.5040241635030717,0.9362187669740241,28.7622795811033,0.3342885140764953,174995.9604156627,-435.980634173,RECOVERY,False,SAFE,167454.16354709218,167086.45209677005,-367.71145032213667,367.7114503221237,167086.45209677005,-2338.502997229749,1.0,0.0,169424.9550939998,-1.380258885671422,7632.288549677876,23086.452096770052,0.2897640292891724
2026-03-10,174559.9797814897,172813.77998367476,1709.4758018585562,1746.1997978149448,8000.0,6253.800202185055,2,PASS,2026-03,176269.45558334826,184595.9604156627,172813.77998367476,-11782.180431987945,-6.382685951229648,28813.779983674758,0.2182749747268681,0.7363862769992465,Tue,2026-W11,False,0,False,True,-54.362377752462635,False,-250.42339953416376,False,TREND,0.01282051282051282,0.1794871794871795,0.010256410256410256,0.16923076923076924,0.3564102564102564,35.913124821728545,0.497172912557528,0.9496970232152286,26.906624115505156,0.32965879371326334,174995.9604156627,-2182.1804319879448,RECOVERY,False,SAFE,167086.45209677005,165650.31742538195,870.2868754082353,1436.1346713881067,167956.73897217828,-3774.6376686178555,2.0,0.0,169424.9550939998,-2.2279112699328287,6563.865328611893,21650.317425381945,0.37475849363254177
2026-03-11,176269.45558334826,172760.49941723963,-3508.9561661086336,3508.9561661086336,8000.0,4491.043833891366,2,PASS,2026-03,172760.49941723963,184595.9604156627,172760.49941723963,-11835.460998423077,-6.411549294888501,28760.499417239625,0.4386195207635792,0.7397163124014423,Wed,2026-W11,True,1,True,False,-3563.3185438610963,False,-3759.3795656427974,False,RANGE,0.03076923076923077,0.2282051282051282,0.005128205128205128,0.07435897435897436,0.18205128205128204,28.843773149892666,0.4917566258757326,0.9615959643226576,50.90277548422549,0.5026974864002254,174995.9604156627,-2235.4609984230774,SURVIVAL,False,SAFE,167956.73897217828,167085.83174502873,-870.9072271495544,870.9072271495534,167085.83174502873,-2339.123348971072,1.0,1.0,169424.9550939998,-1.3806250370102133,7129.092772850447,23085.83174502873,0.3243637239154081
2026-03-12,172760.49941723963,172760.49941723963,3454.609988344804,0.0,8000.0,8000.0,1,PASS,2026-03,176215.10940558443,184595.9604156627,172760.49941723963,-11835.460998423077,-6.411549294888501,28760.499417239625,0.0,0.7397163124014423,Thu,2026-W11,False,0,False,True,-108.70855551629211,False,-304.76957729799324,False,RANGE,0.04871794871794872,0.19487179487179487,0.0,0.14358974358974358,0.23333333333333334,37.116101942410936,0.5017608675673192,0.9500831230920336,21.026241143369393,0.2875864391460615,174995.9604156627,-2235.4609984230774,RECOVERY,False,SAFE,167085.83174502873,167085.83174502873,0.0,0.0,167085.83174502873,-2339.123348971072,0.0,1.0,169424.9550939998,-1.3806250370102133,8000.0,23085.83174502873,0.2644888520488763
2026-03-13,176215.10940558443,176215.10940558443,3523.702188111667,0.0,8000.0,8000.0,1,PASS,2026-03,179738.8115936961,184595.9604156627,176215.10940558443,-8380.851010078273,-4.540105314984547,32215.10940558443,0.0,0.5238031881298921,Fri,2026-W11,False,0,False,True,3414.993632595375,False,3218.932610813674,False,TREND,0.06666666666666667,0.07948717948717948,0.0,0.16923076923076924,0.34615384615384615,39.872277954434985,0.5057117911956621,0.9619545848773112,14.6899514981191,0.22469210375853538,174995.9604156627,1219.1489899217268,RECOVERY,False,SAFE,167085.83174502873,167085.83174502873,477.39180288078705,0.0,167563.22354790953,-2339.123348971072,1.0,0.0,169424.9550939998,-1.3806250370102133,8000.0,23085.83174502873,0.2644888520488763
2026-03-16,179738.8115936961,179388.85317941158,3594.176231873891,349.9584142845124,8000.0,7650.041585715488,1,PASS,2026-03,183332.98782557,184595.9604156627,179388.85317941158,-5207.107236251119,-2.8208132098481733,35388.853179411584,0.04374480178556405,0.3254442022656949,Mon,2026-W12,False,0,False,True,3594.176231873891,False,6813.108842687565,False,RANGE,0.035897435897435895,0.3230769230769231,0.007692307692307693,0.15384615384615385,0.12307692307692308,25.613219300808165,0.49743151435459126,0.9589226692464874,13.109987571747755,0.1974476446195259,174995.9604156627,4392.892763748881,NORMAL,False,SAFE,167563.22354790953,167563.22354790953,442.5498269486713,0.0,168005.7733748582,-1861.7315460902755,1.0,0.0,169424.9550939998,-1.0988532032116258,8000.0,23563.223547909525,0.2606526679185842
2026-03-17,183332.98782557,179163.15266425154,-3704.848191004392,4169.8351613184495,8000.0,3830.1648386815505,5,PASS,2026-03,179628.1396345656,184595.9604156627,179163.15266425154,-5432.807751411165,-2.9430805198433796,35163.15266425154,0.5212293951648062,0.3395504844631978,Tue,2026-W12,True,1,False,False,-110.67195913050091,False,3108.260651683173,False,RANGE,0.08717948717948718,0.2743589743589744,0.002564102564102564,0.08717948717948718,0.08717948717948718,27.204061407997674,0.4951185906272755,0.9650118885656688,29.515387556267722,0.31669502708386993,174995.9604156627,4167.192248588835,NORMAL,True,SAFE,168005.7733748582,167674.9276876164,1842.8460771537277,330.84568724178826,169848.61945201192,-2173.6917643955094,3.0,2.0,169848.61945201192,-1.2797818265515266,7669.154312758212,23674.927687616408,0.2825006863652411
2026-03-18,179628.1396345656,177831.25823821992,-1796.8813963456778,1796.8813963456778,8000.0,6203.118603654322,1,PASS,2026-03,177831.25823821992,184595.9604156627,177831.25823821992,-6764.702177442785,-3.6645992481148624,33831.25823821992,0.22461017454320972,0.42279388609017404,Wed,2026-W12,True,2,False,False,-1907.5533554761787,False,1311.3792553374951,False,CHOP,0.05897435897435897,0.3641025641025641,0.0,0.10512820512820513,0.1076923076923077,25.874492290257308,0.5012516524923473,0.9665058447102551,24.856870337268592,0.28981317523723427,174995.9604156627,2835.297822557215,RECOVERY,False,SAFE,169848.61945201192,168568.64867141313,-1279.97078059879,1279.9707805987855,168568.64867141313,-1279.9707805987855,1.0,0.0,169848.61945201192,-0.7535950452399298,6720.0292194012145,24568.64867141313,0.3405713500565967
2026-03-19,177831.25823821992,177462.58525799442,3556.0251647643745,368.6729802254995,8000.0,7631.3270197745005,1,PASS,2026-03,181387.2834029843,184595.9604156627,177462.58525799442,-7133.375157668284,-3.8643181257085777,33462.58525799442,0.046084122528187436,0.4458359473542678,Thu,2026-W12,False,0,False,True,1648.4718092881958,False,4867.40442010187,False,RANGE,0.07692307692307693,0.24615384615384617,0.005128205128205128,0.10512820512820513,0.08717948717948718,27.122451741229614,0.4918164337271037,0.9605310588719925,15.913037744317704,0.2272609454691154,174995.9604156627,2466.6248423317156,RECOVERY,False,SAFE,168568.64867141313,168568.64867141313,1767.033229681605,0.0,170335.68190109474,-1767.033229681605,1.0,0.0,170335.68190109474,-1.0373828959146865,8000.0,24568.64867141313,0.2525733588904302
2026-03-20,181387.2834029843,181387.2834029843,0.0,0.0,8000.0,8000.0,0,PASS,2026-03,181387.2834029843,184595.9604156627,181387.2834029843,-3208.6770126784104,-1.738216267275456,37387.28340298429,0.0,0.20054231329240066,Fri,2026-W12,False,0,False,False,1648.4718092881958,False,4867.40442010187,False,RANGE,0.04358974358974359,0.06153846153846154,0.0,0.11025641025641025,0.13846153846153847,31.391984106235544,0.5052495175075821,0.9408433476159294,6.152019370771555,0.13735812245463375,174995.9604156627,6391.32298732159,NORMAL,False,SAFE,,,,,,,,,,,,,
2026-03-23,181387.2834029843,179572.81056895442,5367.23958872832,1814.4728340298752,8000.0,6185.527165970125,3,PASS,2026-03,186754.5229917126,186754.5229917126,179572.81056895442,-7181.712422758195,-3.845536005078115,35572.81056895442,0.2268091042537344,0.44885702642238723,Mon,2026-W13,False,0,False,True,5367.23958872832,True,10234.64400883019,False,CHOP,0.08717948717948718,0.32051282051282054,0.0,0.16153846153846155,0.1282051282051282,26.36923829464275,0.49638720988596924,0.9675063049297733,22.276980839453763,0.26253020919929504,177154.5229917126,2418.2875772418047,RECOVERY,False,SAFE,170335.68190109474,170139.65250566814,692.2906502140448,196.02939542659442,171027.97255130878,-888.3200456406339,3.0,0.0,171027.97255130878,-0.5194004421552363,7803.970604573406,26139.652505668142,0.25342624187217366
2026-03-24,186754.5229917126,186754.5229917126,0.0,0.0,8000.0,8000.0,0,PASS,2026-03,186754.5229917126,186754.5229917126,186754.5229917126,0.0,0.0,42754.52299171261,0.0,0.0,Tue,2026-W13,False,0,False,False,5367.23958872832,True,10234.64400883019,False,RANGE,0.06923076923076923,0.26153846153846155,0.0,0.11025641025641025,0.1358974358974359,26.62287602368523,0.49628533859303087,0.9715523216319236,3.4461538461538463,0.09103969273374463,177154.5229917126,9600.0,NORMAL,False,SAFE,,,,,,,,,,,,,
2026-03-25,186754.5229917126,186754.5229917126,0.0,0.0,8000.0,8000.0,0,PASS,2026-03,186754.5229917126,186754.5229917126,186754.5229917126,0.0,0.0,42754.52299171261,0.0,0.0,Wed,2026-W13,False,0,False,False,5367.23958872832,True,10234.64400883019,False,RANGE,0.06153846153846154,0.2076923076923077,0.0,0.14871794871794872,0.14358974358974358,30.46693531190848,0.49129682650774464,0.932863433594882,2.8153846153846156,0.08649815427220617,177154.5229917126,9600.0,NORMAL,False,SAFE,,,,,,,,,,,,,
2026-03-26,186754.5229917126,186754.5229917126,0.0,0.0,8000.0,8000.0,0,PASS,2026-03,186754.5229917126,186754.5229917126,186754.5229917126,0.0,0.0,42754.52299171261,0.0,0.0,Thu,2026-W13,False,0,False,False,5367.23958872832,True,10234.64400883019,False,RANGE,0.06923076923076923,0.18205128205128204,0.0,0.10256410256410256,0.15128205128205127,30.834317528398316,0.5014597074646702,0.9524874421809252,2.651282051282051,0.08531661581066771,177154.5229917126,9600.0,NORMAL,False,SAFE,,,,,,,,,,,,,
2026-03-27,186754.5229917126,186754.5229917126,0.0,0.0,8000.0,8000.0,0,PASS,2026-03,186754.5229917126,186754.5229917126,186754.5229917126,0.0,0.0,42754.52299171261,0.0,0.0,Fri,2026-W13,False,0,False,False,5367.23958872832,True,10234.64400883019,False,RANGE,0.06923076923076923,0.17692307692307693,0.0,0.12051282051282051,0.21794871794871795,33.17906312592169,0.49825878560369874,0.938740391969053,2.6,0.08494738504143694,177154.5229917126,9600.0,NORMAL,False,SAFE,,,,,,,,,,,,,
2026-03-30,186754.5229917126,184886.37776179548,-1868.145229917136,1868.145229917136,8000.0,6131.854770082864,1,PASS,2026-03,184886.37776179548,186754.5229917126,184886.37776179548,-1868.145229917136,-1.0003212773593904,40886.37776179548,0.233518153739642,0.116759076869821,Mon,2026-W14,True,1,False,False,-1868.145229917136,False,8366.498778913054,False,TREND,0.07948717948717948,0.023076923076923078,0.0,0.22564102564102564,0.382051282051282,37.69475392921673,0.5060885241034124,0.9470688270071923,12.709136918550168,0.1670738970045838,177154.5229917126,7731.854770082864,NORMAL,False,SAFE,171027.97255130878,170988.7144095481,-39.25814176068774,39.25814176068525,170988.7144095481,-39.25814176068525,1.0,0.0,171027.97255130878,-0.022954222736229723,7960.741858239315,26988.71440954809,0.23582539931217852
2026-03-31,184886.37776179548,184886.37776179548,0.0,0.0,8000.0,8000.0,0,PASS,2026-03,184886.37776179548,186754.5229917126,184886.37776179548,-1868.145229917136,-1.0003212773593904,40886.37776179548,0.0,0.116759076869821,Tue,2026-W14,False,0,False,False,-1868.145229917136,False,8366.498778913054,False,RANGE,0.09230769230769231,0.25384615384615383,0.0,0.12564102564102564,0.12307692307692308,28.75114820733937,0.48846995114985187,0.9658420632637608,6.565130767899371,0.12283705271989807,177154.5229917126,7731.854770082864,NORMAL,False,SAFE,,,,,,,,,,,,,
2026-04-01,184886.37776179548,183036.9139841775,-1849.463777617988,1849.463777617988,8000.0,6150.536222382012,1,PASS,2026-04,183036.9139841775,186754.5229917126,183036.9139841775,-3717.609007535124,-1.990639341945199,39036.91398417749,0.23118297220224848,0.23235056297094525,Wed,2026-W14,True,1,False,False,-3717.609007535124,False,-1849.463777617988,False,RANGE,0.04871794871794872,0.38461538461538464,0.01282051282051282,0.06666666666666667,0.05641025641025641,24.85465955046019,0.4953406431818343,0.9708775369605221,18.775022471110315,0.21999559187110684,177154.5229917126,5882.390992464876,NORMAL,True,SAFE,170988.7144095481,170754.33553501157,-234.37887453650723,234.37887453651638,170754.33553501157,-273.6370162972016,1.0,0.0,171027.97255130878,-0.15999547455028731,7765.621125463484,26754.335535011574,0.2511233513608997
2026-04-02,183036.9139841775,177598.7525419334,-5438.161442244076,5438.161442244076,8000.0,2561.838557755924,3,PASS,2026-04,177598.7525419334,186754.5229917126,177598.7525419334,-9155.7704497792,-4.902569588735205,33598.75254193341,0.6797701802805095,0.5722356531112001,Thu,2026-W14,True,2,False,False,-9155.7704497792,False,-7287.625219862064,False,RANGE,0.09230769230769231,0.18974358974358974,0.0,0.18205128205128204,0.13333333333333333,28.252449941700775,0.49361717319533693,0.9451524149595775,40.904124941323495,0.4065159368678621,177154.5229917126,444.22955022079987,RECOVERY,True,SAFE,170754.33553501157,170754.33553501157,0.0,0.0,170754.33553501157,-273.6370162972016,0.0,3.0,171027.97255130878,-0.15999547455028731,8000.0,26754.335535011574,0.23500980373651417
2026-04-03,177598.7525419334,175639.29816844198,1739.2557749108819,1959.4543734914332,8000.0,6040.545626508567,2,PASS,2026-04,179338.0083168443,186754.5229917126,175639.29816844198,-11115.224823270633,-5.951783466986703,31639.29816844198,0.24493179668642914,0.6947015514544146,Fri,2026-W14,False,0,False,True,-7416.514674868318,False,-5548.369444951182,False,RANGE,0.05384615384615385,0.1,0.0,0.19487179487179487,0.23076923076923078,36.421745554070135,0.4823997370151217,0.957109643349695,26.361646533107084,0.31160736419616114,177154.5229917126,-1515.2248232706334,RECOVERY,False,SAFE,170754.33553501157,170754.33553501157,0.0,0.0,170754.33553501157,-273.6370162972016,0.0,2.0,171027.97255130878,-0.15999547455028731,8000.0,26754.335535011574,0.23500980373651417
2026-04-06,179338.0083168443,177332.55566751462,1756.3004815050808,2005.4526493296726,8000.0,5994.547350670327,2,PASS,2026-04,181094.30879834938,186754.5229917126,177332.55566751462,-9421.96732419799,-5.045107970218263,33332.55566751462,0.2506815811662091,0.5888729577623745,Mon,2026-W15,False,0,False,True,1756.3004815050808,False,-3792.0689634461014,False,RANGE,0.04871794871794872,0.3128205128205128,0.0,0.08205128205128205,0.12564102564102564,26.89491980456921,0.5022212324941853,0.9787796653114783,25.955091891866147,0.30021388328386317,177154.5229917126,178.03267580200918,RECOVERY,False,SAFE,170754.33553501157,170658.24959511802,621.7994949837356,96.08593989355722,171376.13502999532,-717.885434877302,2.0,0.0,171376.13502999532,-0.41889463474692856,7903.914060106443,26658.249595118017,0.2423878312640552
2026-04-07,181094.30879834938,181094.30879834938,3621.2861759670195,0.0,8000.0,8000.0,1,PASS,2026-04,184715.5949743164,186754.5229917126,181094.30879834938,-5660.214193363237,-3.0308311159962718,37094.308798349375,0.0,0.35376338708520233,Tue,2026-W15,False,0,False,True,5377.5866574721,True,-170.7827874790819,False,RANGE,0.07435897435897436,0.09487179487179487,0.0,0.19743589743589743,0.22564102564102564,32.62508840473519,0.5030611581231929,0.939170838221158,10.685110318155699,0.1714612502989742,177154.5229917126,3939.7858066367626,RECOVERY,False,SAFE,171376.13502999532,171376.13502999532,213.88438567308654,0.0,171590.01941566842,-213.8843856730964,1.0,0.0,171590.01941566842,-0.12464850018751497,8000.0,27376.13502999532,0.23001320065182332
2026-04-08,184715.5949743164,184715.5949743164,0.0,0.0,8000.0,8000.0,0,PASS,2026-04,184715.5949743164,186754.5229917126,184715.5949743164,-2038.928017396218,-1.0917690156755653,40715.594974316395,0.0,0.12743300108726363,Wed,2026-W15,False,0,False,False,5377.5866574721,True,-170.7827874790819,False,RANGE,0.08461538461538462,0.23333333333333334,0.0,0.14358974358974358,0.14615384615384616,31.7916182593623,0.4902191540653079,0.9813672684080395,6.534542975899539,0.1234707345548947,177154.5229917126,7561.071982603782,NORMAL,False,SAFE,,,,,,,,,,,,,
2026-04-09,184715.5949743164,184715.5949743164,0.0,0.0,8000.0,8000.0,0,PASS,2026-04,184715.5949743164,186754.5229917126,184715.5949743164,-2038.928017396218,-1.0917690156755653,40715.594974316395,0.0,0.12743300108726363,Thu,2026-W15,False,0,False,False,5377.5866574721,True,-170.7827874790819,False,RANGE,0.041025641025641026,0.13076923076923078,0.0,0.23076923076923078,0.2794871794871795,34.45878978846806,0.4974843234148445,0.9509638267555248,4.9858250271815905,0.11231996532412547,177154.5229917126,7561.071982603782,NORMAL,False,SAFE,,,,,,,,,,,,,
2026-04-10,184715.5949743164,184715.5949743164,0.0,0.0,8000.0,8000.0,0,PASS,2026-04,184715.5949743164,186754.5229917126,184715.5949743164,-2038.928017396218,-1.0917690156755653,40715.594974316395,0.0,0.12743300108726363,Fri,2026-W15,False,0,False,False,5377.5866574721,True,-170.7827874790819,False,RANGE,0.03076923076923077,0.3282051282051282,0.0,0.15128205128205127,0.06153846153846154,23.242869842672757,0.49456045470933807,0.9487248563989377,6.837107078463642,0.12564919609335623,177154.5229917126,7561.071982603782,NORMAL,False,SAFE,,,,,,,,,,,,,
2026-04-13,184715.5949743164,184715.5949743164,0.0,0.0,8000.0,8000.0,0,PASS,2026-04,184715.5949743164,186754.5229917126,184715.5949743164,-2038.928017396218,-1.0917690156755653,40715.594974316395,0.0,0.12743300108726363,Mon,2026-W16,False,0,False,False,0.0,False,-170.7827874790819,False,RANGE,0.015384615384615385,0.07179487179487179,0.0,0.15897435897435896,0.28974358974358977,34.81171096779661,0.5018907340247291,0.9468864598097334,4.088389129745694,0.10585842686258701,177154.5229917126,7561.071982603782,NORMAL,False,SAFE,,,,,,,,,,,,,
2026-04-14,184715.5949743164,182867.83902457324,-1847.7559497431503,1847.7559497431503,8000.0,6152.24405025685,1,PASS,2026-04,182867.83902457324,186754.5229917126,182867.83902457324,-3886.683967139368,-2.0811726028781874,38867.839024573244,0.23096949371789377,0.24291774794621052,Tue,2026-W16,True,1,False,False,-1847.7559497431503,False,-2018.5387372222322,False,RANGE,0.028205128205128206,0.2076923076923077,0.0,0.12307692307692308,0.14358974358974358,28.476655029640735,0.5030529575194588,0.956152075145797,17.01741312557669,0.20818617938128597,177154.5229917126,5713.316032860632,NORMAL,False,SAFE,171590.01941566842,171330.9188243588,-259.1005913096012,259.10059130960144,171330.9188243588,-259.10059130960144,1.0,0.0,171590.01941566842,-0.15099980301415022,7740.899408690399,27330.918824358814,0.24818971081393748
2026-04-15,182867.83902457324,182239.1082906948,7313.513560982916,628.7307338784449,8000.0,7371.269266121555,2,PASS,2026-04,190181.35258555616,190181.35258555616,182239.1082906948,-7942.244294861361,-4.176142501294081,38239.1082906948,0.07859134173480561,0.49639026842883505,Wed,2026-W16,False,0,False,True,5465.7576112397655,True,5294.974823760684,False,RANGE,0.03076923076923077,0.26666666666666666,0.007692307692307693,0.16153846153846155,0.15128205128205127,28.466421318571776,0.4872204901981577,0.9451331544951085,17.80339439866248,0.21698889821689588,180581.35258555616,1657.7557051386393,RECOVERY,False,SAFE,171330.9188243588,171330.9188243588,508.5258946298268,0.0,171839.44471898864,-508.52589462982723,2.0,0.0,171839.44471898864,-0.29593082977044444,8000.0,27330.918824358814,0.23037654516140238
2026-04-16,190181.35258555616,190181.35258555616,0.0,0.0,8000.0,8000.0,0,PASS,2026-04,190181.35258555616,190181.35258555616,190181.35258555616,0.0,0.0,46181.35258555616,0.0,0.0,Thu,2026-W16,False,0,False,False,5465.7576112397655,True,5294.974823760684,False,RANGE,0.01282051282051282,0.23076923076923078,0.005128205128205128,0.08717948717948718,0.09487179487179487,25.8396588335819,0.5082323457261423,0.95118334589968,2.4615384615384617,0.06681631399529611,180581.35258555616,9600.0,NORMAL,False,SAFE,,,,,,,,,,,,,
2026-04-17,190181.35258555616,190181.35258555616,0.0,0.0,8000.0,8000.0,0,PASS,2026-04,190181.35258555616,190181.35258555616,190181.35258555616,0.0,0.0,46181.35258555616,0.0,0.0,Fri,2026-W16,False,0,False,False,5465.7576112397655,True,5294.974823760684,False,RANGE,0.023076923076923078,0.24102564102564103,0.0,0.18974358974358974,0.11794871794871795,25.8445968438684,0.49422585593801477,0.9268710928511005,2.687179487179487,0.0684409293799115,180581.35258555616,9600.0,NORMAL,False,SAFE,,,,,,,,,,,,,
2026-04-20,190181.35258555616,189847.3974073602,-259.41278225323185,333.9551781959599,8000.0,7666.04482180404,1,PASS,2026-04,189921.93980330293,190181.35258555616,189847.3974073602,-333.9551781959599,-0.17559827693712757,45847.3974073602,0.041744397274494985,0.020872198637247492,Mon,2026-W17,True,1,False,False,-259.41278225323185,False,5035.562041507452,False,TREND,0.03333333333333333,0.2358974358974359,0.0,0.13076923076923078,0.30512820512820515,32.47144538058761,0.5079037560178999,0.9548418852780665,6.133111243140396,0.09492141391380984,180581.35258555616,9266.04482180404,NORMAL,True,SAFE,171839.44471898864,170198.67625091216,-1640.7684680764871,1640.7684680764796,170198.67625091216,-1640.7684680764796,1.0,0.0,171839.44471898864,-0.954826449049373,6359.23153192352,26198.67625091216,0.3522777551639995
2026-04-21,189921.93980330293,188278.9390597006,2121.9780375916744,1643.0007436023152,8000.0,6356.999256397685,1,PASS,2026-04,192043.9178408946,192043.9178408946,188278.9390597006,-3764.9787811939896,-1.960478011239708,44278.93905970061,0.2053750929502894,0.23531117382462435,Tue,2026-W17,False,0,False,True,1862.5652553384425,False,7157.540079099126,False,RANGE,0.041025641025641026,0.16153846153846155,0.0,0.18974358974358974,0.2358974358974359,32.99768320446538,0.5103263981675892,0.9519488454194851,14.151724441816599,0.16049772068257645,182443.9178408946,5835.02121880601,NORMAL,False,SAFE,170198.67625091216,170198.67625091216,651.7340812636846,0.0,170850.41033217584,-1640.7684680764796,1.0,0.0,171839.44471898864,-0.954826449049373,8000.0,26198.67625091216,0.23947492298374154
2026-04-22,192043.9178408946,191805.68802109457,3840.2783568179,238.22981980003533,8000.0,7761.770180199965,1,PASS,2026-04,195884.1961977125,195884.1961977125,191805.68802109457,-4078.5081766179355,-2.0821016987513175,47805.68802109457,0.029778727475004416,0.254906761038621,Wed,2026-W17,False,0,False,True,5702.843612156343,True,10997.818435917026,False,RANGE,0.028205128205128206,0.34102564102564104,0.0,0.13076923076923078,0.12307692307692308,25.547588917800095,0.5158485857493301,0.9668092893087493,11.014748798933606,0.12027775124684914,186284.1961977125,5521.4918233820645,NORMAL,False,SAFE,170850.41033217584,170850.41033217584,698.3324115147097,0.0,171548.74274369056,-989.0343868127966,1.0,0.0,171839.44471898864,-0.5755572525447681,8000.0,26850.410332175845,0.23423777411644411
2026-04-23,195884.1961977125,195884.1961977125,0.0,0.0,8000.0,8000.0,0,PASS,2026-04,195884.1961977125,195884.1961977125,195884.1961977125,0.0,0.0,51884.1961977125,0.0,0.0,Thu,2026-W17,False,0,False,False,5702.843612156343,True,10997.818435917026,False,RANGE,0.015384615384615385,0.15897435897435896,0.020512820512820513,0.15128205128205127,0.15384615384615385,30.198217516101952,0.5059813506959909,0.9525828447449649,1.7743589743589743,0.0333544036268221,186284.1961977125,9600.0,NORMAL,False,SAFE,,,,,,,,,,,,,
2026-04-24,195884.1961977125,195884.1961977125,0.0,0.0,8000.0,8000.0,0,PASS,2026-04,195884.1961977125,195884.1961977125,195884.1961977125,0.0,0.0,51884.1961977125,0.0,0.0,Fri,2026-W17,False,0,False,False,5702.843612156343,True,10997.818435917026,False,RANGE,0.06153846153846154,0.26153846153846155,0.005128205128205128,0.035897435897435895,0.12564102564102564,25.56949575987322,0.504762783398019,0.9719060129058319,3.353846153846154,0.044726711319129794,186284.1961977125,9600.0,NORMAL,False,SAFE,,,,,,,,,,,,,
2026-04-27,195884.1961977125,195749.87876233304,3917.0839239542547,134.31743537946022,8000.0,7865.68256462054,1,PASS,2026-04,199801.28012166676,199801.28012166676,195749.87876233304,-4051.401359333715,-2.0277154164711355,51749.87876233304,0.016789679422432528,0.2532125849583572,Mon,2026-W18,False,0,False,True,3917.0839239542547,False,14914.902359871281,False,RANGE,0.041025641025641026,0.2512820512820513,0.005128205128205128,0.15384615384615385,0.08717948717948718,25.481390471078875,0.5119914035050511,0.9233002002867204,9.83913321176011,0.09209236531300759,190201.28012166676,5548.598640666285,NORMAL,False,SAFE,171548.74274369056,171548.74274369056,234.05881852291554,0.0,171782.80156221348,-290.701975298085,1.0,0.0,171839.44471898864,-0.16917069056727568,8000.0,27548.742743690556,0.22862617438105803
2026-04-28,199801.28012166676,199801.28012166676,611.7757051030057,0.0,8000.0,8000.0,2,PASS,2026-04,200413.05582676976,200413.05582676976,199801.28012166676,-611.7757051030057,-0.3052574107905444,55801.28012166676,0.0,0.03823598156893786,Tue,2026-W18,False,0,False,False,4528.8596290572605,True,15526.678064974287,False,RANGE,0.02564102564102564,0.1641025641025641,0.0,0.18461538461538463,0.07948717948717948,26.25499619693021,0.5145210069775826,0.9394748356035794,2.904617487941395,0.02190684530484424,190813.05582676976,8988.224294896994,NORMAL,False,SAFE,171782.80156221348,171782.80156221348,83.9415705294291,0.0,171866.7431327429,-83.94157052942319,2.0,0.0,171866.7431327429,-0.048841078267591376,8000.0,27782.801562213484,0.22674534458935594
2026-04-29,200413.05582676976,200413.05582676976,0.0,0.0,8000.0,8000.0,0,PASS,2026-04,200413.05582676976,200413.05582676976,200413.05582676976,0.0,0.0,56413.05582676976,0.0,0.0,Wed,2026-W18,False,0,False,False,4528.8596290572605,True,15526.678064974287,False,RANGE,0.038461538461538464,0.15128205128205127,0.002564102564102564,0.1794871794871795,0.1641025641025641,30.88163662057505,0.512828996203686,0.9474186682827167,1.9743589743589745,0.014215384615384616,190813.05582676976,9600.0,NORMAL,False,SAFE,,,,,,,,,,,,,
2026-04-30,200413.05582676976,200413.05582676976,0.0,0.0,8000.0,8000.0,0,PASS,2026-04,200413.05582676976,200413.05582676976,200413.05582676976,0.0,0.0,56413.05582676976,0.0,0.0,Thu,2026-W18,False,0,False,False,4528.8596290572605,True,15526.678064974287,False,RANGE,0.04871794871794872,0.1564102564102564,0.002564102564102564,0.12307692307692308,0.16666666666666666,30.850938644432542,0.5100825715962193,0.9520887063702523,2.1487179487179486,0.015470769230769229,190813.05582676976,9600.0,NORMAL,False,SAFE,,,,,,,,,,,,,
2026-05-01,200413.05582676976,200413.05582676976,0.0,0.0,8000.0,8000.0,0,PASS,2026-05,200413.05582676976,200413.05582676976,200413.05582676976,0.0,0.0,56413.05582676976,0.0,0.0,Fri,2026-W18,False,0,False,False,4528.8596290572605,True,0.0,False,RANGE,0.038461538461538464,0.11282051282051282,0.0,0.20256410256410257,0.2153846153846154,31.357583021231132,0.520651028963684,0.9562290435236096,1.5897435897435899,0.011446153846153845,190813.05582676976,9600.0,NORMAL,False,SAFE,,,,,,,,,,,,,
2026-05-04,200413.05582676976,200413.05582676976,1036.5991322132468,0.0,8000.0,8000.0,1,PASS,2026-05,201449.654958983,201449.654958983,200413.05582676976,-1036.5991322132468,-0.514569822631023,56413.05582676976,0.0,0.06478744576332793,Mon,2026-W19,False,0,False,False,1036.5991322132468,False,1036.5991322132468,False,RANGE,0.041025641025641026,0.3076923076923077,0.0,0.05641025641025641,0.08717948717948718,25.330393783189308,0.49406410609884555,0.9655597942881926,5.188916913313967,0.03736020177586056,191849.654958983,8563.400867786753,NORMAL,False,SAFE,171866.7431327429,171866.7431327429,1935.842839255583,0.0,173802.5859719985,-1935.8428392555797,1.0,0.0,173802.5859719985,-1.1138170519323949,8000.0,27866.743132742908,0.2260708141118873
2026-05-05,201449.654958983,201449.654958983,2971.061984322121,0.0,8000.0,8000.0,0,PASS,2026-05,204420.71694330513,204420.71694330513,201449.654958983,-2971.061984322121,-1.4534055201196303,57449.65495898301,0.0,0.18569137402013258,Tue,2026-W19,False,0,False,True,4007.661116535368,False,4007.661116535368,False,RANGE,0.02564102564102564,0.046153846153846156,0.0,0.1794871794871795,0.33589743589743587,37.912343456797565,0.49472107343075084,0.9141642870619746,5.411515119734084,0.0389629088620854,194820.71694330513,6628.938015677879,NORMAL,False,SAFE,,,,,,,,,,,,,
2026-05-06,204420.71694330513,200351.55067613337,-4069.166267171764,4069.166267171764,8000.0,3930.833732828236,2,PASS,2026-05,200351.55067613337,204420.71694330513,200351.55067613337,-4069.166267171764,-1.9905840895276399,56351.55067613337,0.5086457833964705,0.25432289169823524,Wed,2026-W19,True,1,False,False,-61.50515063639614,False,-61.50515063639614,False,RANGE,0.05384615384615385,0.3076923076923077,0.002564102564102564,0.07435897435897436,0.11025641025641025,24.640555729477217,0.5145064438364686,0.9712939052985793,26.94052271742692,0.1939717635654738,194820.71694330513,5530.833732828236,NORMAL,True,SAFE,173802.5859719985,173430.77984592743,-371.806126071039,371.80612607105286,173430.77984592743,-371.80612607105286,2.0,0.0,173802.5859719985,-0.21392439243162636,7628.193873928947,29430.779845927435,0.23906433311975372
2026-05-07,200351.55067613337,194399.1272095015,-5952.423466631881,5952.423466631881,8000.0,2047.5765333681193,3,PASS,2026-05,194399.1272095015,204420.71694330513,194399.1272095015,-10021.589733803645,-4.902433512442417,50399.12720950149,0.7440529333289851,0.6263493583627278,Thu,2026-W19,True,2,False,False,-6013.928617268277,False,-6013.928617268277,False,RANGE,0.04871794871794872,0.258974358974359,0.0,0.17692307692307693,0.14358974358974358,27.233420210027365,0.4996166217754307,0.9641074470650957,44.35468093329673,0.34735806667222896,194820.71694330513,-421.5897338036448,RECOVERY,True,SAFE,173430.77984592743,173430.77984592743,0.0,0.0,173430.77984592743,-371.80612607105286,0.0,3.0,173802.5859719985,-0.21392439243162636,8000.0,29430.779845927435,0.21350266195236883
2026-05-08,194399.1272095015,194399.1272095015,3887.3825441899826,0.0,8000.0,8000.0,1,PASS,2026-05,198286.50975369147,204420.71694330513,194399.1272095015,-10021.589733803645,-4.902433512442417,50399.12720950149,0.0,0.6263493583627278,Fri,2026-W19,False,0,False,True,-2126.5460730782943,False,-2126.5460730782943,False,RANGE,0.07692307692307693,0.2743589743589744,0.0,0.14358974358974358,0.10256410256410256,26.840684271976095,0.5119942312994422,0.9701550457303696,19.32540062573486,0.16714724845778356,194820.71694330513,-421.5897338036448,RECOVERY,False,SAFE,173430.77984592743,173430.77984592743,2211.4005005222325,0.0,175642.18034644966,-2211.400500522228,1.0,0.0,175642.18034644966,-1.2590372632361415,8000.0,29430.779845927435,0.21350266195236883
2026-05-11,198286.50975369147,195714.4679186565,6782.247270877822,2572.0418350349646,8000.0,5427.958164965035,4,PASS,2026-05,205068.7570245693,205068.7570245693,195714.4679186565,-9354.289105912787,-4.561537916179035,51714.467918656504,0.3215052293793706,0.5846430691195492,Mon,2026-W20,False,0,False,True,6782.247270877822,True,4655.701197799528,False,RANGE,0.04871794871794872,0.15128205128205127,0.0,0.19743589743589743,0.13333333333333333,29.118951657003105,0.5052577888061759,0.949952043099726,26.358669506805747,0.21121008085571885,195468.7570245693,245.7108940872131,RECOVERY,False,SAFE,175642.18034644966,175642.18034644966,2874.0308998157216,0.0,178516.2112462654,-2874.030899815727,2.0,2.0,178516.2112462654,-1.609955129425733,8000.0,31642.180346449662,0.19573247935888666
